meio,cidade,Codmun6,Codmun7,veiculos_mapeados,regiao_metropolitana,uf,estado,regiao,pais,POP,RDPC,I_ESCOLARIDADE,IDHM,IDHM_E,IDHM_L,IDHM_R
Online,SÃO PAULO,355030.0,3550308.0,574,RM São Paulo,SP,São Paulo,Sudeste,Brasil,11172609.0,1516.21,0.677,0.805,0.725,0.855,0.843
Online,RIO DE JANEIRO,330455.0,3304557.0,161,RM Rio de Janeiro,RJ,Rio de Janeiro,Sudeste,Brasil,6265402.0,1492.63,0.722,0.799,0.719,0.845,0.84
Online,BRASÍLIA,530010.0,5300108.0,118,RIDE DF,DF,Distrito Federal,Centro-Oeste,Brasil,2543802.0,1715.11,0.723,0.824,0.742,0.873,0.863
Online,PORTO ALEGRE,431490.0,4314902.0,81,RM Porto Alegre,RS,Rio Grande do Sul,Sul,Brasil,1394270.0,1758.27,0.748,0.805,0.702,0.857,0.867
Online,CURITIBA,410690.0,4106902.0,54,RM Curitiba,PR,Paraná,Sul,Brasil,1740948.0,1581.04,0.74,0.823,0.768,0.855,0.85
Online,FLORIANÓPOLIS,420540.0,4205407.0,40,n/d,SC,Santa Catarina,Sul,Brasil,417579.0,1798.12,0.8,0.847,0.8,0.873,0.87
Online,GOIÂNIA,520870.0,5208707.0,34,n/d,GO,Goiás,Centro-Oeste,Brasil,1297161.0,1348.55,0.714,0.799,0.739,0.838,0.824
Online,BELO HORIZONTE,310620.0,3106200.0,32,RM Belo Horizonte,MG,Minas Gerais,Sudeste,Brasil,2356435.0,1497.29,0.702,0.81,0.737,0.856,0.841
Online,PORTO VELHO,110020.0,1100205.0,24,n/d,RO,Rondônia,Norte,Brasil,422555.0,929.19,0.619,0.736,0.638,0.819,0.764
Online,CUIABÁ,510340.0,5103403.0,24,n/d,MT,Mato Grosso,Centro-Oeste,Brasil,547297.0,1161.49,0.702,0.785,0.726,0.834,0.8
Online,JOÃO PESSOA,250750.0,2507507.0,19,n/d,PB,Paraíba,Nordeste,Brasil,713290.0,964.82,0.663,0.763,0.693,0.832,0.77
Online,SALVADOR,292740.0,2927408.0,19,RM Salvador,BA,Bahia,Nordeste,Brasil,2650633.0,973.0,0.697,0.759,0.679,0.835,0.772
Online,CAMPO GRANDE,500270.0,5002704.0,19,n/d,MS,Mato Grosso do Sul,Centro-Oeste,Brasil,777917.0,1089.37,0.667,0.784,0.724,0.844,0.79
Online,MANAUS,130260.0,1302603.0,18,n/d,AM,Amazonas,Norte,Brasil,1793443.0,790.27,0.679,0.737,0.658,0.826,0.738
Online,TERESINA,221100.0,2211001.0,17,n/d,PI,Piauí,Nordeste,Brasil,806168.0,757.57,0.642,0.751,0.707,0.82,0.731
Online,PALMAS,172100.0,1721000.0,16,n/d,TO,Tocantins,Norte,Brasil,225432.0,1087.35,0.746,0.788,0.749,0.827,0.789
Online,CAMPINAS,350950.0,3509502.0,14,n/d,SP,São Paulo,Sudeste,Brasil,1071983.0,1390.83,0.677,0.805,0.731,0.86,0.829
Online,BAURU,350600.0,3506003.0,13,n/d,SP,São Paulo,Sudeste,Brasil,339422.0,1163.86,0.672,0.801,0.752,0.854,0.8
Online,RECIFE,261160.0,2611606.0,12,RM Recife,PE,Pernambuco,Nordeste,Brasil,1524313.0,1144.26,0.664,0.772,0.698,0.825,0.798
Online,ARACAJU,280030.0,2800308.0,12,n/d,SE,Sergipe,Nordeste,Brasil,565274.0,1052.03,0.695,0.77,0.708,0.823,0.784
Online,VITÓRIA,320530.0,3205309.0,12,n/d,ES,Espírito Santo,Sudeste,Brasil,325399.0,1866.58,0.789,0.845,0.805,0.855,0.876
Online,NATAL,240810.0,2408102.0,11,n/d,RN,Rio Grande do Norte,Nordeste,Brasil,797986.0,950.34,0.659,0.763,0.694,0.835,0.768
Online,SANTOS,354850.0,3548500.0,11,n/d,SP,São Paulo,Sudeste,Brasil,416553.0,1693.65,0.758,0.84,0.807,0.852,0.861
Online,FORTALEZA,230440.0,2304400.0,10,RM Fortaleza,CE,Ceará,Nordeste,Brasil,2427422.0,846.36,0.658,0.754,0.695,0.824,0.749
Online,RIBEIRÃO PRETO,354340.0,3543402.0,10,n/d,SP,São Paulo,Sudeste,Brasil,599026.0,1314.04,0.683,0.8,0.739,0.844,0.82
Online,BELÉM,150140.0,1501402.0,9,RM Belém,PA,Pará,Norte,Brasil,1385193.0,853.82,0.692,0.746,0.673,0.822,0.751
Online,RIO BRANCO,120040.0,1200401.0,8,n/d,AC,Acre,Norte,Brasil,333052.0,744.67,0.607,0.727,0.661,0.798,0.729
Online,SÃO LUÍS,211130.0,2111300.0,8,n/d,MA,Maranhão,Nordeste,Brasil,1005101.0,805.36,0.735,0.768,0.752,0.813,0.741
Online,MACEIÓ,270430.0,2704302.0,8,n/d,AL,Alagoas,Nordeste,Brasil,924611.0,792.54,0.591,0.721,0.635,0.799,0.739
Online,MOGI DAS CRUZES,353060.0,3530607.0,8,RM São Paulo,SP,São Paulo,Sudeste,Brasil,386276.0,916.81,0.662,0.783,0.74,0.851,0.762
Online,PONTA GROSSA,411990.0,4119905.0,8,n/d,PR,Paraná,Sul,Brasil,309810.0,877.1,0.614,0.763,0.703,0.837,0.755
Online,DOURADOS,500370.0,5003702.0,8,n/d,MS,Mato Grosso do Sul,Centro-Oeste,Brasil,194084.0,866.4,0.587,0.747,0.657,0.843,0.753
Online,BARUERI,350570.0,3505708.0,7,RM São Paulo,SP,São Paulo,Sudeste,Brasil,240055.0,1095.84,0.631,0.786,0.708,0.866,0.791
Online,CRICIÚMA,420460.0,4204608.0,7,n/d,SC,Santa Catarina,Sul,Brasil,190535.0,1062.53,0.639,0.788,0.737,0.846,0.786
Online,ARARAQUARA,350320.0,3503208.0,6,n/d,SP,São Paulo,Sudeste,Brasil,206646.0,1080.66,0.687,0.815,0.782,0.877,0.788
Online,SÃO BERNARDO DO CAMPO,354870.0,3548708.0,6,RM São Paulo,SP,São Paulo,Sudeste,Brasil,761343.0,1212.65,0.702,0.805,0.752,0.861,0.807
Online,SÃO JOSÉ DOS CAMPOS,354990.0,3549904.0,6,n/d,SP,São Paulo,Sudeste,Brasil,627707.0,1190.96,0.703,0.807,0.764,0.855,0.804
Online,CASCAVEL,410480.0,4104808.0,6,n/d,PR,Paraná,Sul,Brasil,281772.0,1003.38,0.63,0.782,0.728,0.846,0.776
Online,FEIRA DE SANTANA,291080.0,2910800.0,5,n/d,BA,Bahia,Nordeste,Brasil,552741.0,662.24,0.576,0.712,0.619,0.82,0.71
Online,SANTANA DE PARNAÍBA,354730.0,3547304.0,5,RM São Paulo,SP,São Paulo,Sudeste,Brasil,108248.0,1858.69,0.657,0.814,0.725,0.849,0.876
Online,SANTO ANDRÉ,354780.0,3547809.0,5,RM São Paulo,SP,São Paulo,Sudeste,Brasil,674948.0,1304.31,0.707,0.815,0.769,0.861,0.819
Online,SÃO CARLOS,354890.0,3548906.0,5,n/d,SP,São Paulo,Sudeste,Brasil,220666.0,1079.45,0.693,0.805,0.766,0.863,0.788
Online,LONDRINA,411370.0,4113700.0,5,n/d,PR,Paraná,Sul,Brasil,503548.0,1083.35,0.649,0.778,0.712,0.837,0.789
Online,ITAJAÍ,420820.0,4208203.0,5,n/d,SC,Santa Catarina,Sul,Brasil,182637.0,1014.0,0.646,0.795,0.73,0.884,0.778
Online,JOINVILLE,420910.0,4209102.0,5,n/d,SC,Santa Catarina,Sul,Brasil,512406.0,1126.74,0.709,0.809,0.749,0.889,0.795
Online,MACAPÁ,160030.0,1600303.0,4,n/d,AP,Amapá,Norte,Brasil,395465.0,717.88,0.679,0.733,0.663,0.82,0.723
Online,TEIXEIRA DE FREITAS,293135.0,2931350.0,4,n/d,BA,Bahia,Nordeste,Brasil,136656.0,560.73,0.503,0.685,0.588,0.8,0.683
Online,CONTAGEM,311860.0,3118601.0,4,RM Belo Horizonte,MG,Minas Gerais,Sudeste,Brasil,600466.0,824.3,0.623,0.756,0.697,0.832,0.745
Online,IPATINGA,313130.0,3131307.0,4,n/d,MG,Minas Gerais,Sudeste,Brasil,238052.0,862.91,0.625,0.771,0.705,0.864,0.752
Online,JUIZ DE FORA,313670.0,3136702.0,4,n/d,MG,Minas Gerais,Sudeste,Brasil,512779.0,1050.88,0.65,0.778,0.711,0.844,0.784
Online,DUQUE DE CAXIAS,330170.0,3301702.0,4,RM Rio de Janeiro,RJ,Rio de Janeiro,Sudeste,Brasil,853747.0,592.81,0.584,0.711,0.624,0.833,0.692
Online,NITERÓI,330330.0,3303302.0,4,RM Rio de Janeiro,RJ,Rio de Janeiro,Sudeste,Brasil,482950.0,2000.29,0.794,0.837,0.773,0.854,0.887
Online,GUARULHOS,351880.0,3518800.0,4,RM São Paulo,SP,São Paulo,Sudeste,Brasil,1213492.0,829.91,0.639,0.763,0.717,0.831,0.746
Online,ITU,352390.0,3523909.0,4,n/d,SP,São Paulo,Sudeste,Brasil,153310.0,1038.14,0.621,0.773,0.692,0.854,0.782
Online,OSASCO,353440.0,3534401.0,4,RM São Paulo,SP,São Paulo,Sudeste,Brasil,665237.0,1003.4,0.648,0.776,0.718,0.84,0.776
Online,PIRACICABA,353870.0,3538709.0,4,n/d,SP,São Paulo,Sudeste,Brasil,363011.0,1143.2,0.64,0.785,0.717,0.848,0.797
Online,SÃO CAETANO DO SUL,354880.0,3548807.0,4,RM São Paulo,SP,São Paulo,Sudeste,Brasil,148195.0,2043.74,0.762,0.862,0.811,0.887,0.891
Online,FOZ DO IGUAÇU,410830.0,4108304.0,4,n/d,PR,Paraná,Sul,Brasil,254276.0,842.26,0.591,0.751,0.661,0.858,0.748
Online,GUARAPUAVA,410940.0,4109401.0,4,n/d,PR,Paraná,Sul,Brasil,165849.0,750.09,0.519,0.731,0.628,0.853,0.73
Online,BALNEÁRIO CAMBORIÚ,420200.0,4202008.0,4,n/d,SC,Santa Catarina,Sul,Brasil,107149.0,1625.59,0.763,0.845,0.789,0.894,0.854
Online,JARAGUÁ DO SUL,420890.0,4208906.0,4,n/d,SC,Santa Catarina,Sul,Brasil,142186.0,1111.85,0.687,0.803,0.755,0.865,0.793
Online,SÃO MIGUEL DO OESTE,421720.0,4217204.0,4,n/d,SC,Santa Catarina,Sul,Brasil,36117.0,1072.6,0.611,0.801,0.739,0.884,0.787
Online,SANTA CRUZ DO SUL,431680.0,4316808.0,4,n/d,RS,Rio Grande do Sul,Sul,Brasil,117169.0,1036.87,0.619,0.773,0.693,0.852,0.782
Online,SANTA MARIA,431690.0,4316907.0,4,n/d,RS,Rio Grande do Sul,Sul,Brasil,258667.0,1127.25,0.683,0.784,0.715,0.848,0.795
Online,RONDONÓPOLIS,510760.0,5107602.0,4,n/d,MT,Mato Grosso,Centro-Oeste,Brasil,193435.0,843.62,0.598,0.755,0.698,0.823,0.749
Online,VÁRZEA GRANDE,510840.0,5108402.0,4,n/d,MT,Mato Grosso,Centro-Oeste,Brasil,251845.0,668.86,0.604,0.734,0.661,0.842,0.711
Online,APARECIDA DE GOIÂNIA,520140.0,5201405.0,4,n/d,GO,Goiás,Centro-Oeste,Brasil,452269.0,689.3,0.57,0.718,0.62,0.834,0.716
Online,ARIQUEMES,110002.0,1100023.0,3,n/d,RO,Rondônia,Norte,Brasil,89766.0,689.95,0.514,0.702,0.6,0.806,0.716
Online,VILHENA,110030.0,1100304.0,3,n/d,RO,Rondônia,Norte,Brasil,75614.0,768.98,0.554,0.731,0.659,0.808,0.734
Online,JUAZEIRO DO NORTE,230730.0,2307304.0,3,n/d,CE,Ceará,Nordeste,Brasil,248222.0,439.53,0.528,0.694,0.642,0.81,0.644
Online,QUIXERAMOBIM,231140.0,2311405.0,3,n/d,CE,Ceará,Nordeste,Brasil,71409.0,317.45,0.405,0.642,0.567,0.789,0.592
Online,MOSSORÓ,240800.0,2408003.0,3,n/d,RN,Rio Grande do Norte,Nordeste,Brasil,258460.0,600.28,0.565,0.72,0.663,0.811,0.694
Online,ITABUNA,291480.0,2914802.0,3,n/d,BA,Bahia,Nordeste,Brasil,203181.0,605.12,0.576,0.712,0.643,0.807,0.695
Online,DIVINÓPOLIS,312230.0,3122306.0,3,n/d,MG,Minas Gerais,Sudeste,Brasil,211866.0,868.57,0.593,0.764,0.702,0.844,0.753
Online,ITABIRA,313170.0,3131703.0,3,n/d,MG,Minas Gerais,Sudeste,Brasil,109507.0,744.61,0.576,0.756,0.678,0.873,0.729
Online,UBERABA,317010.0,3170107.0,3,n/d,MG,Minas Gerais,Sudeste,Brasil,292644.0,978.01,0.63,0.772,0.705,0.845,0.772
Online,UBERLÂNDIA,317020.0,3170206.0,3,n/d,MG,Minas Gerais,Sudeste,Brasil,600747.0,1001.45,0.646,0.789,0.716,0.885,0.776
Online,CACHOEIRO DE ITAPEMIRIM,320120.0,3201209.0,3,n/d,ES,Espírito Santo,Sudeste,Brasil,188790.0,763.71,0.561,0.746,0.677,0.837,0.733
Online,CABO FRIO,330070.0,3300704.0,3,n/d,RJ,Rio de Janeiro,Sudeste,Brasil,185301.0,815.75,0.606,0.735,0.64,0.836,0.743
Online,BARRETOS,350550.0,3505500.0,3,n/d,SP,São Paulo,Sudeste,Brasil,111603.0,917.0,0.628,0.789,0.738,0.875,0.762
Online,FRANCA,351620.0,3516200.0,3,n/d,SP,São Paulo,Sudeste,Brasil,317558.0,846.57,0.631,0.78,0.753,0.842,0.749
Online,JUNDIAÍ,352590.0,3525904.0,3,n/d,SP,São Paulo,Sudeste,Brasil,368777.0,1431.55,0.674,0.822,0.768,0.866,0.834
Online,MARÍLIA,352900.0,3529005.0,3,n/d,SP,São Paulo,Sudeste,Brasil,213999.0,953.2,0.673,0.798,0.776,0.854,0.768
Online,PRESIDENTE PRUDENTE,354140.0,3541406.0,3,n/d,SP,São Paulo,Sudeste,Brasil,205558.0,1080.22,0.674,0.806,0.774,0.858,0.788
Online,RIO CLARO,354390.0,3543907.0,3,n/d,SP,São Paulo,Sudeste,Brasil,185172.0,1049.16,0.671,0.803,0.766,0.862,0.784
Online,SÃO JOSÉ DO RIO PRETO,354980.0,3549805.0,3,n/d,SP,São Paulo,Sudeste,Brasil,405342.0,1169.16,0.661,0.797,0.748,0.846,0.801
Online,SOROCABA,355220.0,3552205.0,3,n/d,SP,São Paulo,Sudeste,Brasil,581667.0,1107.19,0.677,0.798,0.762,0.843,0.792
Online,SUZANO,355250.0,3552502.0,3,RM São Paulo,SP,São Paulo,Sudeste,Brasil,261357.0,654.61,0.62,0.765,0.723,0.873,0.708
Online,TABOÃO DA SERRA,355280.0,3552809.0,3,RM São Paulo,SP,São Paulo,Sudeste,Brasil,243983.0,812.19,0.653,0.769,0.71,0.863,0.742
Online,MARINGÁ,411520.0,4115200.0,3,n/d,PR,Paraná,Sul,Brasil,354512.0,1202.63,0.691,0.808,0.768,0.852,0.806
Online,UMUARAMA,412810.0,4128104.0,3,n/d,PR,Paraná,Sul,Brasil,99898.0,880.6,0.567,0.761,0.698,0.836,0.755
Online,PALHOÇA,421190.0,4211900.0,3,n/d,SC,Santa Catarina,Sul,Brasil,136699.0,862.74,0.609,0.757,0.672,0.859,0.752
Online,NOVO HAMBURGO,431340.0,4313409.0,3,RM Porto Alegre,RS,Rio Grande do Sul,Sul,Brasil,237941.0,1011.62,0.552,0.747,0.629,0.852,0.778
Online,CORUMBÁ,500320.0,5003207.0,3,n/d,MS,Mato Grosso do Sul,Centro-Oeste,Brasil,102596.0,627.1,0.546,0.7,0.586,0.834,0.701
Online,TRÊS LAGOAS,500830.0,5008305.0,3,n/d,MS,Mato Grosso do Sul,Centro-Oeste,Brasil,101171.0,863.66,0.579,0.744,0.645,0.849,0.752
Online,LUCAS DO RIO VERDE,510525.0,5105259.0,3,n/d,MT,Mato Grosso,Centro-Oeste,Brasil,45306.0,938.65,0.624,0.768,0.71,0.833,0.766
Online,ROLIM DE MOURA,110028.0,1100288.0,2,n/d,RO,Rondônia,Norte,Brasil,50379.0,657.65,0.474,0.7,0.598,0.808,0.709
Online,BOA VISTA,140010.0,1400100.0,2,n/d,RR,Roraima,Norte,Brasil,281538.0,786.55,0.687,0.752,0.708,0.816,0.737
Online,EUSÉBIO,230428.0,2304285.0,2,RM Fortaleza,CE,Ceará,Nordeste,Brasil,45707.0,623.01,0.525,0.701,0.621,0.794,0.7
Online,CAMPINA GRANDE,250400.0,2504009.0,2,n/d,PB,Paraíba,Nordeste,Brasil,382571.0,630.03,0.574,0.72,0.654,0.812,0.702
Online,ARAPIRACA,270030.0,2700300.0,2,n/d,AL,Alagoas,Nordeste,Brasil,212874.0,423.28,0.42,0.649,0.549,0.78,0.638
Online,CAMAÇARI,290570.0,2905701.0,2,RM Salvador,BA,Bahia,Nordeste,Brasil,242015.0,553.18,0.578,0.694,0.616,0.798,0.681
Online,CANDEIAS,290650.0,2906501.0,2,RM Salvador,BA,Bahia,Nordeste,Brasil,82844.0,462.57,0.563,0.691,0.616,0.823,0.652
Online,SÃO GONÇALO DOS CAMPOS,292930.0,2929305.0,2,n/d,BA,Bahia,Nordeste,Brasil,33208.0,419.27,0.419,0.627,0.516,0.752,0.636
Online,VITÓRIA DA CONQUISTA,293330.0,2933307.0,2,n/d,BA,Bahia,Nordeste,Brasil,304599.0,555.66,0.493,0.678,0.581,0.788,0.681
Online,ITUIUTABA,313420.0,3134202.0,2,n/d,MG,Minas Gerais,Sudeste,Brasil,96689.0,824.46,0.513,0.739,0.644,0.84,0.745
Online,MONTES CLAROS,314330.0,3143302.0,2,n/d,MG,Minas Gerais,Sudeste,Brasil,359278.0,650.62,0.646,0.77,0.744,0.868,0.707
Online,PASSOS,314790.0,3147907.0,2,n/d,MG,Minas Gerais,Sudeste,Brasil,105700.0,802.97,0.525,0.756,0.658,0.886,0.741
Online,PATOS DE MINAS,314800.0,3148004.0,2,n/d,MG,Minas Gerais,Sudeste,Brasil,138003.0,843.57,0.576,0.765,0.698,0.855,0.749
Online,CAMPOS DOS GOYTACAZES,330100.0,3301009.0,2,n/d,RJ,Rio de Janeiro,Sudeste,Brasil,460592.0,682.59,0.555,0.716,0.619,0.83,0.715
Online,MANGARATIBA,330260.0,3302601.0,2,n/d,RJ,Rio de Janeiro,Sudeste,Brasil,36300.0,832.15,0.63,0.753,0.676,0.845,0.746
Online,NOVA IGUAÇU,330350.0,3303500.0,2,RM Rio de Janeiro,RJ,Rio de Janeiro,Sudeste,Brasil,795259.0,591.0,0.604,0.713,0.641,0.818,0.691
Online,SÃO GONÇALO,330490.0,3304904.0,2,RM Rio de Janeiro,RJ,Rio de Janeiro,Sudeste,Brasil,996948.0,669.3,0.645,0.739,0.681,0.833,0.711
Online,SÃO JOÃO DA BARRA,330500.0,3305000.0,2,n/d,RJ,Rio de Janeiro,Sudeste,Brasil,32518.0,570.38,0.426,0.671,0.551,0.8,0.686
Online,VOLTA REDONDA,330630.0,3306305.0,2,n/d,RJ,Rio de Janeiro,Sudeste,Brasil,257116.0,920.51,0.672,0.771,0.72,0.833,0.763
Online,AMERICANA,350160.0,3501608.0,2,n/d,SP,São Paulo,Sudeste,Brasil,209811.0,1161.68,0.651,0.811,0.76,0.876,0.8
Online,ARAÇATUBA,350280.0,3502804.0,2,n/d,SP,São Paulo,Sudeste,Brasil,180537.0,1036.09,0.643,0.788,0.744,0.841,0.782
Online,ASSIS,350400.0,3504008.0,2,n/d,SP,São Paulo,Sudeste,Brasil,93038.0,967.39,0.689,0.805,0.781,0.865,0.771
Online,CARAGUATATUBA,351050.0,3510500.0,2,n/d,SP,São Paulo,Sudeste,Brasil,99908.0,773.99,0.609,0.759,0.705,0.845,0.735
Online,CATANDUVA,351110.0,3511102.0,2,n/d,SP,São Paulo,Sudeste,Brasil,112210.0,945.05,0.611,0.785,0.74,0.853,0.767
Online,COTIA,351300.0,3513009.0,2,RM São Paulo,SP,São Paulo,Sudeste,Brasil,199437.0,1085.66,0.639,0.78,0.707,0.851,0.789
Online,INDAIATUBA,352050.0,3520509.0,2,n/d,SP,São Paulo,Sudeste,Brasil,201009.0,1098.31,0.657,0.788,0.738,0.837,0.791
Online,ITAPIRA,352260.0,3522604.0,2,n/d,SP,São Paulo,Sudeste,Brasil,67517.0,849.81,0.558,0.762,0.692,0.852,0.75
Online,MOGI GUAÇU,353070.0,3530706.0,2,n/d,SP,São Paulo,Sudeste,Brasil,136821.0,802.19,0.598,0.774,0.736,0.852,0.74
Online,PINDAMONHANGABA,353800.0,3538006.0,2,n/d,SP,São Paulo,Sudeste,Brasil,146392.0,826.02,0.663,0.773,0.736,0.843,0.745
Online,ALMIRANTE TAMANDARÉ,410040.0,4100400.0,2,RM Curitiba,PR,Paraná,Sul,Brasil,103008.0,646.02,0.496,0.699,0.575,0.84,0.706
Online,ALTÔNIA,410050.0,4100509.0,2,n/d,PR,Paraná,Sul,Brasil,20376.0,585.49,0.428,0.721,0.641,0.848,0.69
Online,CAMPO LARGO,410420.0,4104204.0,2,RM Curitiba,PR,Paraná,Sul,Brasil,111827.0,749.21,0.528,0.745,0.664,0.854,0.73
Online,CAMPO MOURÃO,410430.0,4104303.0,2,n/d,PR,Paraná,Sul,Brasil,86898.0,843.42,0.575,0.757,0.689,0.841,0.749
Online,FRANCISCO BELTRÃO,410840.0,4108403.0,2,n/d,PR,Paraná,Sul,Brasil,77938.0,895.36,0.609,0.774,0.726,0.844,0.758
Online,GOIOERÊ,410860.0,4108601.0,2,n/d,PR,Paraná,Sul,Brasil,28869.0,707.58,0.49,0.731,0.639,0.85,0.72
Online,IRATI,411070.0,4110706.0,2,n/d,PR,Paraná,Sul,Brasil,55969.0,685.81,0.476,0.726,0.64,0.835,0.715
Online,LARANJEIRAS DO SUL,411330.0,4113304.0,2,n/d,PR,Paraná,Sul,Brasil,30561.0,659.33,0.43,0.706,0.594,0.835,0.709
Online,MARECHAL CÂNDIDO RONDON,411460.0,4114609.0,2,n/d,PR,Paraná,Sul,Brasil,46592.0,1036.38,0.563,0.774,0.704,0.842,0.782
Online,SÃO JOSÉ DOS PINHAIS,412550.0,4125506.0,2,RM Curitiba,PR,Paraná,Sul,Brasil,263194.0,846.93,0.617,0.758,0.678,0.859,0.749
Online,TOLEDO,412770.0,4127700.0,2,n/d,PR,Paraná,Sul,Brasil,118908.0,876.72,0.586,0.768,0.702,0.855,0.755
Online,CAÇADOR,420300.0,4203006.0,2,n/d,SC,Santa Catarina,Sul,Brasil,70361.0,744.28,0.516,0.735,0.62,0.878,0.728
Online,CANOINHAS,420380.0,4203808.0,2,n/d,SC,Santa Catarina,Sul,Brasil,52405.0,692.87,0.567,0.757,0.692,0.874,0.717
Online,CAPINZAL,420390.0,4203907.0,2,n/d,SC,Santa Catarina,Sul,Brasil,20648.0,811.66,0.518,0.752,0.659,0.869,0.742
Online,CHAPECÓ,420420.0,4204202.0,2,n/d,SC,Santa Catarina,Sul,Brasil,181705.0,1017.34,0.63,0.79,0.727,0.871,0.779
Online,LAGES,420930.0,4209300.0,2,n/d,SC,Santa Catarina,Sul,Brasil,156106.0,878.34,0.608,0.77,0.697,0.867,0.755
Online,POMERODE,421320.0,4213203.0,2,n/d,SC,Santa Catarina,Sul,Brasil,27548.0,1022.91,0.558,0.78,0.687,0.886,0.78
Online,SEARA,421750.0,4217501.0,2,n/d,SC,Santa Catarina,Sul,Brasil,16884.0,1188.18,0.505,0.779,0.674,0.872,0.804
Online,SOMBRIO,421770.0,4217709.0,2,n/d,SC,Santa Catarina,Sul,Brasil,26590.0,746.69,0.475,0.728,0.617,0.858,0.729
Online,TAIÓ,421780.0,4217808.0,2,n/d,SC,Santa Catarina,Sul,Brasil,17065.0,848.34,0.491,0.761,0.67,0.879,0.749
Online,TIMBÓ,421820.0,4218202.0,2,n/d,SC,Santa Catarina,Sul,Brasil,36602.0,1214.03,0.601,0.784,0.697,0.856,0.807
Online,TUBARÃO,421870.0,4218707.0,2,n/d,SC,Santa Catarina,Sul,Brasil,96823.0,1077.62,0.648,0.796,0.74,0.866,0.788
Online,CACHOEIRINHA,430310.0,4303103.0,2,RM Porto Alegre,RS,Rio Grande do Sul,Sul,Brasil,117991.0,844.04,0.66,0.757,0.675,0.857,0.749
Online,CANOAS,430460.0,4304606.0,2,RM Porto Alegre,RS,Rio Grande do Sul,Sul,Brasil,322949.0,952.13,0.646,0.75,0.636,0.864,0.768
Online,CAXIAS DO SUL,430510.0,4305108.0,2,n/d,RS,Rio Grande do Sul,Sul,Brasil,433304.0,1253.93,0.668,0.782,0.686,0.86,0.812
Online,ERECHIM,430700.0,4307005.0,2,n/d,RS,Rio Grande do Sul,Sul,Brasil,95232.0,1038.39,0.629,0.776,0.716,0.833,0.782
Online,FLORES DA CUNHA,430820.0,4308201.0,2,n/d,RS,Rio Grande do Sul,Sul,Brasil,27005.0,1062.06,0.519,0.754,0.642,0.849,0.786
Online,PASSO FUNDO,431410.0,4314100.0,2,n/d,RS,Rio Grande do Sul,Sul,Brasil,183407.0,1068.95,0.663,0.776,0.699,0.849,0.787
Online,PELOTAS,431440.0,4314407.0,2,n/d,RS,Rio Grande do Sul,Sul,Brasil,326650.0,894.35,0.58,0.739,0.632,0.844,0.758
Online,RIO GRANDE,431560.0,4315602.0,2,n/d,RS,Rio Grande do Sul,Sul,Brasil,195482.0,859.2,0.584,0.744,0.637,0.861,0.752
Online,VIAMÃO,432300.0,4323002.0,2,RM Porto Alegre,RS,Rio Grande do Sul,Sul,Brasil,237679.0,707.05,0.576,0.717,0.591,0.866,0.72
Online,COXIM,500330.0,5003306.0,2,n/d,MS,Mato Grosso do Sul,Centro-Oeste,Brasil,32041.0,703.01,0.45,0.703,0.579,0.836,0.719
Online,NOVA ANDRADINA,500620.0,5006200.0,2,n/d,MS,Mato Grosso do Sul,Centro-Oeste,Brasil,44985.0,688.15,0.496,0.721,0.616,0.85,0.716
Online,CÁCERES,510250.0,5102504.0,2,n/d,MT,Mato Grosso,Centro-Oeste,Brasil,87269.0,590.43,0.525,0.708,0.633,0.813,0.691
Online,SINOP,510790.0,5107909.0,2,n/d,MT,Mato Grosso,Centro-Oeste,Brasil,112124.0,877.68,0.571,0.754,0.682,0.832,0.755
Online,ANÁPOLIS,520110.0,5201108.0,2,n/d,GO,Goiás,Centro-Oeste,Brasil,333067.0,785.17,0.609,0.737,0.66,0.822,0.737
Online,RIO VERDE,521880.0,5218805.0,2,n/d,GO,Goiás,Centro-Oeste,Brasil,175474.0,936.75,0.556,0.754,0.656,0.853,0.765
Online,JARU,110011.0,1100114.0,1,n/d,RO,Rondônia,Norte,Brasil,51715.0,575.14,0.43,0.689,0.577,0.825,0.687
Online,JI-PARANÁ,110012.0,1100122.0,1,n/d,RO,Rondônia,Norte,Brasil,115896.0,743.35,0.532,0.714,0.617,0.81,0.728
Online,PIMENTA BUENO,110018.0,1100189.0,1,n/d,RO,Rondônia,Norte,Brasil,33611.0,734.76,0.496,0.71,0.613,0.803,0.726
Online,PRESIDENTE MÉDICI,110025.0,1100254.0,1,n/d,RO,Rondônia,Norte,Brasil,22262.0,520.2,0.38,0.664,0.55,0.792,0.671
Online,CANDEIAS DO JAMARI,110080.0,1100809.0,1,n/d,RO,Rondônia,Norte,Brasil,19681.0,463.63,0.433,0.649,0.512,0.819,0.652
Online,ATALAIA DO NORTE,130020.0,1300201.0,1,n/d,AM,Amazonas,Norte,Brasil,15078.0,159.21,0.229,0.45,0.259,0.733,0.481
Online,IRANDUBA,130185.0,1301852.0,1,n/d,AM,Amazonas,Norte,Brasil,40642.0,349.23,0.4,0.613,0.476,0.799,0.607
Online,ALTAMIRA,150060.0,1500602.0,1,n/d,PA,Pará,Norte,Brasil,98183.0,492.05,0.461,0.665,0.548,0.811,0.662
Online,MONTE ALEGRE,150480.0,1504802.0,1,n/d,PA,Pará,Norte,Brasil,55260.0,231.65,0.364,0.589,0.495,0.764,0.541
Online,PARAUAPEBAS,150553.0,1505536.0,1,n/d,PA,Pará,Norte,Brasil,153443.0,627.61,0.603,0.715,0.644,0.809,0.701
Online,SANTARÉM,150680.0,1506807.0,1,n/d,PA,Pará,Norte,Brasil,293064.0,409.07,0.569,0.691,0.648,0.807,0.632
Online,TAILÂNDIA,150795.0,1507953.0,1,n/d,PA,Pará,Norte,Brasil,78878.0,300.85,0.379,0.588,0.45,0.776,0.583
Online,ARAGUATINS,170220.0,1702208.0,1,n/d,TO,Tocantins,Norte,Brasil,31268.0,342.07,0.409,0.631,0.525,0.793,0.604
Online,GURUPI,170950.0,1709500.0,1,n/d,TO,Tocantins,Norte,Brasil,76292.0,778.9,0.655,0.759,0.706,0.843,0.736
Online,RAPOSA,210945.0,2109452.0,1,n/d,MA,Maranhão,Nordeste,Brasil,26308.0,274.0,0.457,0.626,0.587,0.735,0.568
Online,ÁGUA BRANCA,220020.0,2200202.0,1,n/d,PI,Piauí,Nordeste,Brasil,16436.0,335.63,0.424,0.639,0.569,0.763,0.6
Online,CAMPO MAIOR,220220.0,2202208.0,1,n/d,PI,Piauí,Nordeste,Brasil,45093.0,401.74,0.423,0.656,0.566,0.793,0.629
Online,FLORIANO,220390.0,2203909.0,1,n/d,PI,Piauí,Nordeste,Brasil,57242.0,536.3,0.562,0.7,0.633,0.802,0.676
Online,BARBALHA,230190.0,2301901.0,1,n/d,CE,Ceará,Nordeste,Brasil,55259.0,362.9,0.514,0.683,0.637,0.817,0.613
Online,BREJO SANTO,230250.0,2302503.0,1,n/d,CE,Ceará,Nordeste,Brasil,44890.0,325.64,0.464,0.647,0.592,0.768,0.596
Online,CRATO,230420.0,2304202.0,1,n/d,CE,Ceará,Nordeste,Brasil,120655.0,470.46,0.568,0.713,0.673,0.822,0.655
Online,CAICÓ,240200.0,2402006.0,1,n/d,RN,Rio Grande do Norte,Nordeste,Brasil,62116.0,637.13,0.499,0.71,0.619,0.824,0.703
Online,ARARUNA,250100.0,2501005.0,1,n/d,PB,Paraíba,Nordeste,Brasil,18813.0,244.02,0.267,0.567,0.439,0.758,0.549
Online,CAJAZEIRAS,250370.0,2503704.0,1,n/d,PB,Paraíba,Nordeste,Brasil,58122.0,511.56,0.442,0.679,0.574,0.815,0.668
Online,CONCEIÇÃO,250440.0,2504405.0,1,n/d,PB,Paraíba,Nordeste,Brasil,18258.0,290.63,0.319,0.592,0.476,0.754,0.577
Online,SÃO BENTO,251390.0,2513901.0,1,n/d,PB,Paraíba,Nordeste,Brasil,30798.0,328.99,0.243,0.58,0.424,0.769,0.597
Online,SÃO JOSÉ DE PIRANHAS,251450.0,2514503.0,1,n/d,PB,Paraíba,Nordeste,Brasil,19025.0,321.53,0.281,0.591,0.461,0.755,0.594
Online,CACHOEIRINHA,260310.0,2603108.0,1,n/d,PE,Pernambuco,Nordeste,Brasil,18774.0,308.18,0.269,0.579,0.439,0.753,0.587
Online,GARANHUNS,260600.0,2606002.0,1,n/d,PE,Pernambuco,Nordeste,Brasil,128786.0,492.44,0.466,0.664,0.556,0.795,0.662
Online,JABOATÃO DOS GUARARAPES,260790.0,2607901.0,1,RM Recife,PE,Pernambuco,Nordeste,Brasil,642986.0,593.9,0.585,0.717,0.642,0.83,0.692
Online,OLINDA,260960.0,2609600.0,1,RM Recife,PE,Pernambuco,Nordeste,Brasil,376158.0,640.13,0.64,0.735,0.675,0.836,0.704
Online,PALMARES,261000.0,2610004.0,1,n/d,PE,Pernambuco,Nordeste,Brasil,58392.0,311.09,0.434,0.622,0.55,0.744,0.588
Online,PETROLINA,261110.0,2611101.0,1,n/d,PE,Pernambuco,Nordeste,Brasil,291908.0,605.06,0.536,0.697,0.611,0.799,0.695
Online,SANTA CRUZ DO CAPIBARIBE,261250.0,2612505.0,1,n/d,PE,Pernambuco,Nordeste,Brasil,86786.0,507.05,0.353,0.648,0.506,0.806,0.667
Online,PENEDO,270670.0,2706703.0,1,n/d,AL,Alagoas,Nordeste,Brasil,60049.0,339.15,0.407,0.63,0.536,0.774,0.602
Online,ITABAIANA,280290.0,2802908.0,1,n/d,SE,Sergipe,Nordeste,Brasil,86586.0,443.39,0.369,0.642,0.513,0.801,0.645
Online,LAGARTO,280350.0,2803500.0,1,n/d,SE,Sergipe,Nordeste,Brasil,94431.0,362.8,0.36,0.625,0.515,0.775,0.613
Online,ALAGOINHAS,290070.0,2900702.0,1,n/d,BA,Bahia,Nordeste,Brasil,141312.0,553.17,0.575,0.683,0.592,0.79,0.681
Online,BAIXA GRANDE,290260.0,2902609.0,1,n/d,BA,Bahia,Nordeste,Brasil,19995.0,243.98,0.28,0.585,0.471,0.775,0.549
Online,BARREIRAS,290320.0,2903201.0,1,n/d,BA,Bahia,Nordeste,Brasil,136670.0,602.82,0.596,0.721,0.668,0.807,0.695
Online,CARINHANHA,290710.0,2907103.0,1,n/d,BA,Bahia,Nordeste,Brasil,28311.0,209.51,0.356,0.576,0.477,0.763,0.525
Online,CONCEIÇÃO DO COITÉ,290840.0,2908408.0,1,n/d,BA,Bahia,Nordeste,Brasil,61858.0,309.61,0.359,0.611,0.517,0.752,0.587
Online,EUCLIDES DA CUNHA,291070.0,2910701.0,1,n/d,BA,Bahia,Nordeste,Brasil,56047.0,269.58,0.277,0.567,0.43,0.749,0.565
Online,EUNÁPOLIS,291072.0,2910727.0,1,n/d,BA,Bahia,Nordeste,Brasil,99686.0,575.44,0.499,0.677,0.572,0.791,0.687
Online,IPIAÚ,291390.0,2913903.0,1,n/d,BA,Bahia,Nordeste,Brasil,44041.0,573.36,0.434,0.67,0.551,0.796,0.687
Online,ITAMBÉ,291580.0,2915809.0,1,n/d,BA,Bahia,Nordeste,Brasil,22939.0,312.32,0.296,0.578,0.436,0.75,0.589
Online,JEQUIÉ,291800.0,2918001.0,1,n/d,BA,Bahia,Nordeste,Brasil,150577.0,473.92,0.49,0.665,0.568,0.79,0.656
Online,JUAZEIRO,291840.0,2918407.0,1,n/d,BA,Bahia,Nordeste,Brasil,197031.0,476.58,0.511,0.677,0.594,0.796,0.657
Online,PAULO AFONSO,292400.0,2924009.0,1,n/d,BA,Bahia,Nordeste,Brasil,107558.0,544.73,0.486,0.674,0.572,0.789,0.678
Online,SÃO DESIDÉRIO,292890.0,2928901.0,1,n/d,BA,Bahia,Nordeste,Brasil,27073.0,302.2,0.307,0.579,0.449,0.742,0.584
Online,ARAGUARI,310350.0,3103504.0,1,n/d,MG,Minas Gerais,Sudeste,Brasil,109297.0,798.63,0.585,0.773,0.716,0.871,0.74
Online,ARAXÁ,310400.0,3104007.0,1,n/d,MG,Minas Gerais,Sudeste,Brasil,93153.0,883.88,0.628,0.772,0.709,0.858,0.756
Online,CAETÉ,311000.0,3110004.0,1,RM Belo Horizonte,MG,Minas Gerais,Sudeste,Brasil,40470.0,586.16,0.538,0.728,0.663,0.844,0.69
Online,CONSELHEIRO LAFAIETE,311830.0,3118304.0,1,n/d,MG,Minas Gerais,Sudeste,Brasil,116043.0,781.59,0.603,0.761,0.697,0.86,0.736
Online,FORMIGA,312610.0,3126109.0,1,n/d,MG,Minas Gerais,Sudeste,Brasil,64484.0,746.8,0.507,0.755,0.676,0.874,0.729
Online,GOVERNADOR VALADARES,312770.0,3127701.0,1,n/d,MG,Minas Gerais,Sudeste,Brasil,261663.0,678.74,0.549,0.727,0.644,0.834,0.714
Online,GUAXUPÉ,312870.0,3128709.0,1,n/d,MG,Minas Gerais,Sudeste,Brasil,49148.0,746.7,0.524,0.751,0.659,0.88,0.729
Online,ITAJUBÁ,313240.0,3132404.0,1,n/d,MG,Minas Gerais,Sudeste,Brasil,89914.0,948.2,0.645,0.787,0.718,0.884,0.767
Online,ITAÚNA,313380.0,3133808.0,1,n/d,MG,Minas Gerais,Sudeste,Brasil,84936.0,847.74,0.548,0.758,0.685,0.85,0.749
Online,JOÃO MONLEVADE,313620.0,3136207.0,1,n/d,MG,Minas Gerais,Sudeste,Brasil,73350.0,724.4,0.592,0.758,0.708,0.849,0.724
Online,LAVRAS,313820.0,3138203.0,1,n/d,MG,Minas Gerais,Sudeste,Brasil,91582.0,889.65,0.618,0.782,0.719,0.88,0.757
Online,MUZAMBINHO,314410.0,3144102.0,1,n/d,MG,Minas Gerais,Sudeste,Brasil,20324.0,719.94,0.51,0.74,0.652,0.859,0.723
Online,NOVA LIMA,314480.0,3144805.0,1,RM Belo Horizonte,MG,Minas Gerais,Sudeste,Brasil,80327.0,1731.84,0.66,0.813,0.704,0.885,0.864
Online,PARÁ DE MINAS,314710.0,3147105.0,1,n/d,MG,Minas Gerais,Sudeste,Brasil,83588.0,686.42,0.505,0.725,0.628,0.848,0.715
Online,PATROCÍNIO,314810.0,3148103.0,1,n/d,MG,Minas Gerais,Sudeste,Brasil,81685.0,720.59,0.485,0.729,0.628,0.852,0.723
Online,POUSO ALEGRE,315250.0,3152501.0,1,n/d,MG,Minas Gerais,Sudeste,Brasil,129577.0,878.26,0.619,0.774,0.704,0.872,0.755
Online,SETE LAGOAS,316720.0,3167202.0,1,n/d,MG,Minas Gerais,Sudeste,Brasil,213087.0,809.26,0.59,0.76,0.705,0.84,0.742
Online,TEÓFILO OTONI,316860.0,3168606.0,1,n/d,MG,Minas Gerais,Sudeste,Brasil,133143.0,615.34,0.492,0.701,0.598,0.824,0.698
Online,VARGINHA,317070.0,3170701.0,1,n/d,MG,Minas Gerais,Sudeste,Brasil,122584.0,904.57,0.629,0.778,0.707,0.875,0.76
Online,DOMINGOS MARTINS,320190.0,3201902.0,1,n/d,ES,Espírito Santo,Sudeste,Brasil,31784.0,551.74,0.327,0.669,0.528,0.833,0.68
Online,SERRA,320500.0,3205002.0,1,n/d,ES,Espírito Santo,Sudeste,Brasil,407614.0,705.89,0.614,0.739,0.664,0.844,0.72
Online,ITAPERUNA,330220.0,3302205.0,1,n/d,RJ,Rio de Janeiro,Sudeste,Brasil,94954.0,688.83,0.536,0.73,0.649,0.837,0.716
Online,ITATIAIA,330225.0,3302254.0,1,n/d,RJ,Rio de Janeiro,Sudeste,Brasil,28639.0,773.48,0.593,0.737,0.652,0.836,0.735
Online,MACAÉ,330240.0,3302403.0,1,n/d,RJ,Rio de Janeiro,Sudeste,Brasil,206005.0,1103.42,0.678,0.764,0.681,0.828,0.792
Online,MAGÉ,330250.0,3302502.0,1,RM Rio de Janeiro,RJ,Rio de Janeiro,Sudeste,Brasil,226225.0,567.59,0.545,0.709,0.626,0.832,0.685
Online,MARICÁ,330270.0,3302700.0,1,RM Rio de Janeiro,RJ,Rio de Janeiro,Sudeste,Brasil,127228.0,910.41,0.655,0.765,0.692,0.85,0.761
Online,MIGUEL PEREIRA,330290.0,3302908.0,1,n/d,RJ,Rio de Janeiro,Sudeste,Brasil,24530.0,801.63,0.561,0.745,0.675,0.828,0.74
Online,NOVA FRIBURGO,330340.0,3303401.0,1,n/d,RJ,Rio de Janeiro,Sudeste,Brasil,181153.0,894.75,0.55,0.745,0.645,0.846,0.758
Online,PETRÓPOLIS,330390.0,3303906.0,1,n/d,RJ,Rio de Janeiro,Sudeste,Brasil,294326.0,922.49,0.566,0.745,0.639,0.847,0.763
Online,TERESÓPOLIS,330580.0,3305802.0,1,n/d,RJ,Rio de Janeiro,Sudeste,Brasil,162971.0,859.79,0.531,0.73,0.605,0.855,0.752
Online,ANDRADINA,350210.0,3502101.0,1,n/d,SP,São Paulo,Sudeste,Brasil,54242.0,919.36,0.58,0.779,0.702,0.885,0.762
Online,ARTUR NOGUEIRA,350380.0,3503802.0,1,n/d,SP,São Paulo,Sudeste,Brasil,44074.0,823.24,0.554,0.749,0.681,0.827,0.745
Online,ATIBAIA,350410.0,3504107.0,1,n/d,SP,São Paulo,Sudeste,Brasil,125501.0,1063.52,0.58,0.765,0.67,0.851,0.786
Online,BOTUCATU,350750.0,3507506.0,1,n/d,SP,São Paulo,Sudeste,Brasil,126813.0,1089.1,0.653,0.8,0.746,0.869,0.79
Online,CAJAMAR,350920.0,3509205.0,1,RM São Paulo,SP,São Paulo,Sudeste,Brasil,64040.0,676.5,0.554,0.728,0.668,0.81,0.713
Online,CARAPICUÍBA,351060.0,3510609.0,1,RM São Paulo,SP,São Paulo,Sudeste,Brasil,368909.0,712.78,0.6,0.749,0.693,0.842,0.721
Online,CARDOSO,351070.0,3510708.0,1,n/d,SP,São Paulo,Sudeste,Brasil,11762.0,605.99,0.468,0.722,0.636,0.853,0.695
Online,COLÔMBIA,351210.0,3512100.0,1,n/d,SP,São Paulo,Sudeste,Brasil,5982.0,582.53,0.47,0.71,0.647,0.802,0.689
Online,ENGENHEIRO COELHO,351515.0,3515152.0,1,n/d,SP,São Paulo,Sudeste,Brasil,15658.0,707.37,0.516,0.732,0.668,0.815,0.72
Online,FERNANDÓPOLIS,351550.0,3515509.0,1,n/d,SP,São Paulo,Sudeste,Brasil,64444.0,944.0,0.595,0.797,0.758,0.872,0.767
Online,HOLAMBRA,351905.0,3519055.0,1,n/d,SP,São Paulo,Sudeste,Brasil,11254.0,1274.53,0.583,0.793,0.698,0.878,0.815
Online,ITAPORANGA,352280.0,3522802.0,1,n/d,SP,São Paulo,Sudeste,Brasil,14423.0,552.76,0.413,0.719,0.653,0.835,0.681
Online,JAÚ,352530.0,3525300.0,1,n/d,SP,São Paulo,Sudeste,Brasil,130260.0,951.17,0.572,0.778,0.693,0.886,0.768
Online,LEME,352670.0,3526704.0,1,n/d,SP,São Paulo,Sudeste,Brasil,91255.0,746.15,0.511,0.744,0.665,0.851,0.729
Online,LIMEIRA,352690.0,3526902.0,1,n/d,SP,São Paulo,Sudeste,Brasil,275032.0,910.85,0.61,0.775,0.719,0.852,0.761
Online,OURINHOS,353470.0,3534708.0,1,n/d,SP,São Paulo,Sudeste,Brasil,102702.0,868.91,0.601,0.778,0.727,0.859,0.753
Online,PARAGUAÇU PAULISTA,353550.0,3535507.0,1,n/d,SP,São Paulo,Sudeste,Brasil,40879.0,694.42,0.577,0.762,0.739,0.836,0.717
Online,PENÁPOLIS,353730.0,3537305.0,1,n/d,SP,São Paulo,Sudeste,Brasil,58257.0,840.16,0.581,0.759,0.68,0.859,0.748
Online,PERUÍBE,353760.0,3537602.0,1,n/d,SP,São Paulo,Sudeste,Brasil,59434.0,753.85,0.576,0.749,0.675,0.854,0.73
Online,REGISTRO,354260.0,3542602.0,1,n/d,SP,São Paulo,Sudeste,Brasil,54129.0,699.41,0.572,0.754,0.702,0.851,0.718
Online,SÃO JOSÉ DO RIO PARDO,354970.0,3549706.0,1,n/d,SP,São Paulo,Sudeste,Brasil,51528.0,818.61,0.563,0.774,0.717,0.868,0.744
Online,SOCORRO,355210.0,3552106.0,1,n/d,SP,São Paulo,Sudeste,Brasil,36547.0,785.71,0.462,0.729,0.634,0.828,0.737
Online,TANABI,355340.0,3553401.0,1,n/d,SP,São Paulo,Sudeste,Brasil,23991.0,775.79,0.507,0.748,0.687,0.829,0.735
Online,TAUBATÉ,355410.0,3554102.0,1,n/d,SP,São Paulo,Sudeste,Brasil,276215.0,1011.95,0.682,0.8,0.746,0.883,0.778
Online,TUPÃ,355500.0,3555000.0,1,n/d,SP,São Paulo,Sudeste,Brasil,62563.0,926.96,0.587,0.771,0.704,0.852,0.764
Online,APUCARANA,410140.0,4101408.0,1,n/d,PR,Paraná,Sul,Brasil,120486.0,804.81,0.548,0.748,0.668,0.845,0.741
Online,ASSIS CHATEAUBRIAND,410200.0,4102000.0,1,n/d,PR,Paraná,Sul,Brasil,32901.0,676.1,0.467,0.729,0.633,0.857,0.713
Online,CAFELÂNDIA,410345.0,4103453.0,1,n/d,PR,Paraná,Sul,Brasil,14625.0,721.38,0.557,0.748,0.692,0.835,0.723
Online,CIANORTE,410550.0,4105508.0,1,n/d,PR,Paraná,Sul,Brasil,69698.0,837.13,0.549,0.755,0.685,0.841,0.747
Online,GENERAL CARNEIRO,410850.0,4108502.0,1,n/d,PR,Paraná,Sul,Brasil,13658.0,423.27,0.374,0.652,0.532,0.816,0.638
Online,GUAÍRA,410880.0,4108809.0,1,n/d,PR,Paraná,Sul,Brasil,30447.0,795.84,0.482,0.724,0.615,0.836,0.739
Online,JACAREZINHO,411180.0,4111803.0,1,n/d,PR,Paraná,Sul,Brasil,38787.0,770.55,0.576,0.743,0.663,0.844,0.734
Online,LAPA,411320.0,4113205.0,1,RM Curitiba,PR,Paraná,Sul,Brasil,44798.0,608.6,0.448,0.706,0.595,0.848,0.696
Online,MANGUEIRINHA,411440.0,4114401.0,1,n/d,PR,Paraná,Sul,Brasil,16989.0,605.97,0.435,0.688,0.579,0.811,0.695
Online,MEDIANEIRA,411580.0,4115804.0,1,n/d,PR,Paraná,Sul,Brasil,41568.0,914.67,0.546,0.763,0.686,0.849,0.762
Online,PALOTINA,411790.0,4117909.0,1,n/d,PR,Paraná,Sul,Brasil,28550.0,904.85,0.569,0.768,0.689,0.864,0.76
Online,PARANAVAÍ,411840.0,4118402.0,1,n/d,PR,Paraná,Sul,Brasil,81023.0,852.66,0.575,0.763,0.703,0.844,0.75
Online,PATO BRANCO,411850.0,4118501.0,1,n/d,PR,Paraná,Sul,Brasil,71860.0,1013.22,0.627,0.782,0.728,0.845,0.778
Online,SANTO ANTÔNIO DA PLATINA,412410.0,4124103.0,1,n/d,PR,Paraná,Sul,Brasil,42461.0,765.04,0.515,0.718,0.617,0.817,0.733
Online,UNIÃO DA VITÓRIA,412820.0,4128203.0,1,n/d,PR,Paraná,Sul,Brasil,52491.0,674.29,0.562,0.74,0.68,0.837,0.713
Online,WENCESLAU BRAZ,412850.0,4128500.0,1,n/d,PR,Paraná,Sul,Brasil,19117.0,594.42,0.436,0.687,0.594,0.79,0.692
Online,BIGUAÇU,420230.0,4202305.0,1,n/d,SC,Santa Catarina,Sul,Brasil,58014.0,764.37,0.58,0.739,0.659,0.836,0.733
Online,BLUMENAU,420240.0,4202404.0,1,n/d,SC,Santa Catarina,Sul,Brasil,306393.0,1253.17,0.659,0.806,0.722,0.894,0.812
Online,BRAÇO DO NORTE,420280.0,4202800.0,1,n/d,SC,Santa Catarina,Sul,Brasil,28879.0,831.77,0.59,0.778,0.716,0.881,0.746
Online,BRUSQUE,420290.0,4202909.0,1,n/d,SC,Santa Catarina,Sul,Brasil,104887.0,1116.93,0.591,0.795,0.707,0.894,0.794
Online,CONCÓRDIA,420430.0,4204301.0,1,n/d,SC,Santa Catarina,Sul,Brasil,68285.0,1009.49,0.599,0.8,0.756,0.872,0.777
Online,CURITIBANOS,420480.0,4204806.0,1,n/d,SC,Santa Catarina,Sul,Brasil,37460.0,687.47,0.493,0.721,0.62,0.846,0.716
Online,DIONÍSIO CERQUEIRA,420500.0,4205001.0,1,n/d,SC,Santa Catarina,Sul,Brasil,14753.0,636.41,0.41,0.706,0.61,0.82,0.703
Online,GASPAR,420590.0,4205902.0,1,n/d,SC,Santa Catarina,Sul,Brasil,57615.0,964.36,0.558,0.765,0.655,0.889,0.77
Online,IMBITUBA,420730.0,4207304.0,1,n/d,SC,Santa Catarina,Sul,Brasil,39714.0,768.81,0.592,0.765,0.703,0.868,0.734
Online,ITAPEMA,420830.0,4208302.0,1,n/d,SC,Santa Catarina,Sul,Brasil,45573.0,1078.48,0.656,0.796,0.727,0.881,0.788
Online,ITUPORANGA,420850.0,4208500.0,1,n/d,SC,Santa Catarina,Sul,Brasil,22157.0,844.05,0.458,0.748,0.638,0.876,0.749
Online,JAGUARUNA,420880.0,4208807.0,1,n/d,SC,Santa Catarina,Sul,Brasil,17280.0,701.05,0.446,0.721,0.628,0.83,0.719
Online,JOAÇABA,420900.0,4209003.0,1,n/d,SC,Santa Catarina,Sul,Brasil,26807.0,1338.5,0.674,0.827,0.771,0.891,0.823
Online,LAURO MULLER,420960.0,4209607.0,1,n/d,SC,Santa Catarina,Sul,Brasil,14319.0,678.67,0.532,0.735,0.677,0.822,0.714
Online,MAFRA,421010.0,4210100.0,1,n/d,SC,Santa Catarina,Sul,Brasil,52665.0,789.53,0.562,0.777,0.723,0.88,0.738
Online,NOVA VENEZA,421160.0,4211603.0,1,n/d,SC,Santa Catarina,Sul,Brasil,13188.0,805.79,0.513,0.768,0.703,0.869,0.741
Online,OTACÍLIO COSTA,421175.0,4211751.0,1,n/d,SC,Santa Catarina,Sul,Brasil,16311.0,677.67,0.531,0.74,0.681,0.835,0.713
Online,PALMITOS,421210.0,4212106.0,1,n/d,SC,Santa Catarina,Sul,Brasil,15987.0,887.5,0.435,0.737,0.632,0.836,0.757
Online,PAPANDUVA,421220.0,4212205.0,1,n/d,SC,Santa Catarina,Sul,Brasil,17882.0,589.35,0.394,0.704,0.603,0.836,0.691
Online,PIRATUBA,421310.0,4213104.0,1,n/d,SC,Santa Catarina,Sul,Brasil,4773.0,779.57,0.485,0.758,0.714,0.829,0.736
Online,PRESIDENTE GETÚLIO,421400.0,4214003.0,1,n/d,SC,Santa Catarina,Sul,Brasil,14808.0,928.86,0.474,0.759,0.654,0.874,0.764
Online,RIO DO CAMPO,421450.0,4214508.0,1,n/d,SC,Santa Catarina,Sul,Brasil,6186.0,803.46,0.441,0.729,0.65,0.803,0.741
Online,RIO DO SUL,421480.0,4214805.0,1,n/d,SC,Santa Catarina,Sul,Brasil,60758.0,1114.31,0.612,0.802,0.727,0.894,0.793
Online,RIO NEGRINHO,421500.0,4215000.0,1,n/d,SC,Santa Catarina,Sul,Brasil,39723.0,664.58,0.537,0.738,0.668,0.848,0.71
Online,RODEIO,421510.0,4215109.0,1,n/d,SC,Santa Catarina,Sul,Brasil,10871.0,958.15,0.447,0.754,0.626,0.889,0.769
Online,SÃO BENTO DO SUL,421580.0,4215802.0,1,n/d,SC,Santa Catarina,Sul,Brasil,74503.0,923.29,0.634,0.782,0.719,0.871,0.763
Online,SÃO JOÃO DO OESTE,421625.0,4216255.0,1,n/d,SC,Santa Catarina,Sul,Brasil,6027.0,881.09,0.465,0.761,0.668,0.873,0.756
Online,SÃO JOAQUIM,421650.0,4216503.0,1,n/d,SC,Santa Catarina,Sul,Brasil,24778.0,641.75,0.457,0.687,0.562,0.817,0.705
Online,TIJUCAS,421800.0,4218004.0,1,n/d,SC,Santa Catarina,Sul,Brasil,30700.0,835.48,0.551,0.76,0.672,0.873,0.747
Online,BAGÉ,430160.0,4301602.0,1,n/d,RS,Rio Grande do Sul,Sul,Brasil,116108.0,795.56,0.585,0.74,0.647,0.848,0.739
Online,CACHOEIRA DO SUL,430300.0,4303004.0,1,n/d,RS,Rio Grande do Sul,Sul,Brasil,83072.0,793.67,0.539,0.742,0.648,0.854,0.739
Online,GRAVATAÍ,430920.0,4309209.0,1,RM Porto Alegre,RS,Rio Grande do Sul,Sul,Brasil,254991.0,737.29,0.611,0.736,0.636,0.862,0.727
Online,IVOTI,431080.0,4310801.0,1,RM Porto Alegre,RS,Rio Grande do Sul,Sul,Brasil,19764.0,1025.02,0.606,0.784,0.729,0.848,0.78
Online,MONTENEGRO,431240.0,4312401.0,1,RM Porto Alegre,RS,Rio Grande do Sul,Sul,Brasil,58537.0,914.23,0.575,0.755,0.654,0.866,0.761
Online,SANTA ROSA,431720.0,4317202.0,1,n/d,RS,Rio Grande do Sul,Sul,Brasil,68021.0,863.61,0.597,0.769,0.693,0.871,0.752
Online,SÃO LEOPOLDO,431870.0,4318705.0,1,RM Porto Alegre,RS,Rio Grande do Sul,Sul,Brasil,213161.0,939.93,0.599,0.739,0.612,0.861,0.766
Online,SOLEDADE,432080.0,4320800.0,1,n/d,RS,Rio Grande do Sul,Sul,Brasil,29754.0,737.92,0.509,0.731,0.625,0.861,0.727
Online,VERANÓPOLIS,432280.0,4322806.0,1,n/d,RS,Rio Grande do Sul,Sul,Brasil,22683.0,1141.67,0.556,0.773,0.692,0.838,0.797
Online,AQUIDAUANA,500110.0,5001102.0,1,n/d,MS,Mato Grosso do Sul,Centro-Oeste,Brasil,45168.0,585.62,0.469,0.688,0.562,0.84,0.69
Online,ARAL MOREIRA,500124.0,5001243.0,1,n/d,MS,Mato Grosso do Sul,Centro-Oeste,Brasil,10182.0,398.5,0.353,0.633,0.507,0.798,0.628
Online,BATAGUASSU,500190.0,5001904.0,1,n/d,MS,Mato Grosso do Sul,Centro-Oeste,Brasil,19684.0,614.34,0.467,0.71,0.606,0.847,0.698
Online,CASSILÂNDIA,500290.0,5002902.0,1,n/d,MS,Mato Grosso do Sul,Centro-Oeste,Brasil,20708.0,885.1,0.462,0.727,0.627,0.811,0.756
Online,RIBAS DO RIO PARDO,500710.0,5007109.0,1,n/d,MS,Mato Grosso do Sul,Centro-Oeste,Brasil,20451.0,552.58,0.39,0.664,0.519,0.83,0.681
Online,RIO VERDE DE MATO GROSSO,500740.0,5007406.0,1,n/d,MS,Mato Grosso do Sul,Centro-Oeste,Brasil,18706.0,570.74,0.373,0.673,0.521,0.852,0.686
Online,SÃO GABRIEL DO OESTE,500769.0,5007695.0,1,n/d,MS,Mato Grosso do Sul,Centro-Oeste,Brasil,22010.0,855.21,0.511,0.729,0.608,0.85,0.751
Online,ALTA FLORESTA,510025.0,5100250.0,1,n/d,MT,Mato Grosso,Centro-Oeste,Brasil,48593.0,660.84,0.496,0.714,0.629,0.817,0.709
Online,JACIARA,510480.0,5104807.0,1,n/d,MT,Mato Grosso,Centro-Oeste,Brasil,25453.0,742.81,0.511,0.735,0.655,0.833,0.728
Online,NOVA XAVANTINA,510625.0,5106257.0,1,n/d,MT,Mato Grosso,Centro-Oeste,Brasil,19508.0,674.44,0.468,0.704,0.613,0.8,0.713
Online,POCONÉ,510650.0,5106505.0,1,n/d,MT,Mato Grosso,Centro-Oeste,Brasil,31559.0,436.83,0.405,0.652,0.534,0.806,0.643
Online,TANGARÁ DA SERRA,510795.0,5107958.0,1,n/d,MT,Mato Grosso,Centro-Oeste,Brasil,82699.0,846.59,0.522,0.729,0.626,0.825,0.749
Online,ÁGUAS LINDAS DE GOIÁS,520025.0,5200258.0,1,RIDE DF,GO,Goiás,Centro-Oeste,Brasil,158508.0,449.38,0.488,0.686,0.588,0.848,0.647
Online,ALTO PARAÍSO DE GOIÁS,520060.0,5200605.0,1,n/d,GO,Goiás,Centro-Oeste,Brasil,6782.0,719.11,0.533,0.713,0.611,0.819,0.723
Online,CABECEIRAS,520400.0,5204003.0,1,RIDE DF,GO,Goiás,Centro-Oeste,Brasil,7334.0,420.47,0.414,0.668,0.571,0.819,0.637
Online,CALDAS NOVAS,520450.0,5204508.0,1,n/d,GO,Goiás,Centro-Oeste,Brasil,69852.0,794.78,0.573,0.733,0.64,0.832,0.739
Online,CERES,520540.0,5205406.0,1,n/d,GO,Goiás,Centro-Oeste,Brasil,20620.0,865.23,0.585,0.775,0.733,0.842,0.753
Online,FORMOSA,520800.0,5208004.0,1,RIDE DF,GO,Goiás,Centro-Oeste,Brasil,98932.0,732.24,0.561,0.744,0.666,0.852,0.726
Online,FORMOSO,520810.0,5208103.0,1,n/d,GO,Goiás,Centro-Oeste,Brasil,4848.0,569.96,0.478,0.715,0.639,0.834,0.686
Online,JATAÍ,521190.0,5211909.0,1,n/d,GO,Goiás,Centro-Oeste,Brasil,87041.0,987.04,0.542,0.757,0.656,0.856,0.774
Online,NOVA GLÓRIA,521486.0,5214861.0,1,n/d,GO,Goiás,Centro-Oeste,Brasil,8467.0,476.52,0.374,0.681,0.589,0.816,0.657
Online,SENADOR CANEDO,522045.0,5220454.0,1,n/d,GO,Goiás,Centro-Oeste,Brasil,84279.0,537.58,0.538,0.701,0.617,0.827,0.676
