cidade,Codmun6,Codmun7,veiculos_mapeados,vei100milh,regiao_metropolitana,uf,estado,regiao,pais,POP,RDPC,I_ESCOLARIDADE,IDHM,IDHM_E,IDHM_L,IDHM_R
FLORIANÓPOLIS,420540.0,4205407.0,70,16.76,n/d,SC,Santa Catarina,Sul,Brasil,417579.0,1798.12,0.8,0.847,0.8,0.873,0.87
BALNEÁRIO CAMBORIÚ,420200.0,4202008.0,14,13.07,n/d,SC,Santa Catarina,Sul,Brasil,107149.0,1625.59,0.763,0.845,0.789,0.894,0.854
BARRETOS,350550.0,3505500.0,14,12.54,n/d,SP,São Paulo,Sudeste,Brasil,111603.0,917.0,0.628,0.789,0.738,0.875,0.762
PALMAS,172100.0,1721000.0,27,11.98,n/d,TO,Tocantins,Norte,Brasil,225432.0,1087.35,0.746,0.788,0.749,0.827,0.789
ITABIRA,313170.0,3131703.0,12,10.96,n/d,MG,Minas Gerais,Sudeste,Brasil,109507.0,744.61,0.576,0.756,0.678,0.873,0.729
CRICIÚMA,420460.0,4204608.0,20,10.5,n/d,SC,Santa Catarina,Sul,Brasil,190535.0,1062.53,0.639,0.788,0.737,0.846,0.786
CHAPECÓ,420420.0,4204202.0,19,10.46,n/d,SC,Santa Catarina,Sul,Brasil,181705.0,1017.34,0.63,0.79,0.727,0.871,0.779
SÃO CAETANO DO SUL,354880.0,3548807.0,14,9.45,RM São Paulo,SP,São Paulo,Sudeste,Brasil,148195.0,2043.74,0.762,0.862,0.811,0.887,0.891
CACHOEIRINHA,430310.0,4303103.0,11,9.32,RM Porto Alegre,RS,Rio Grande do Sul,Sul,Brasil,117991.0,844.04,0.66,0.757,0.675,0.857,0.749
ARARUAMA,330020.0,3300209.0,10,8.98,n/d,RJ,Rio de Janeiro,Sudeste,Brasil,111398.0,680.88,0.556,0.718,0.617,0.839,0.714
PORTO ALEGRE,431490.0,4314902.0,119,8.53,RM Porto Alegre,RS,Rio Grande do Sul,Sul,Brasil,1394270.0,1758.27,0.748,0.805,0.702,0.857,0.867
JARAGUÁ DO SUL,420890.0,4208906.0,12,8.44,n/d,SC,Santa Catarina,Sul,Brasil,142186.0,1111.85,0.687,0.803,0.755,0.865,0.793
ITAJAÍ,420820.0,4208203.0,15,8.21,n/d,SC,Santa Catarina,Sul,Brasil,182637.0,1014.0,0.646,0.795,0.73,0.884,0.778
PORTO VELHO,110020.0,1100205.0,34,8.05,n/d,RO,Rondônia,Norte,Brasil,422555.0,929.19,0.619,0.736,0.638,0.819,0.764
OURINHOS,353470.0,3534708.0,8,7.79,n/d,SP,São Paulo,Sudeste,Brasil,102702.0,868.91,0.601,0.778,0.727,0.859,0.753
BRASÍLIA,530010.0,5300108.0,197,7.74,RIDE DF,DF,Distrito Federal,Centro-Oeste,Brasil,2543802.0,1715.11,0.723,0.824,0.742,0.873,0.863
CUIABÁ,510340.0,5103403.0,42,7.67,n/d,MT,Mato Grosso,Centro-Oeste,Brasil,547297.0,1161.49,0.702,0.785,0.726,0.834,0.8
ARAGUARI,310350.0,3103504.0,8,7.32,n/d,MG,Minas Gerais,Sudeste,Brasil,109297.0,798.63,0.585,0.773,0.716,0.871,0.74
SANTOS,354850.0,3548500.0,30,7.2,n/d,SP,São Paulo,Sudeste,Brasil,416553.0,1693.65,0.758,0.84,0.807,0.852,0.861
VITÓRIA,320530.0,3205309.0,23,7.07,n/d,ES,Espírito Santo,Sudeste,Brasil,325399.0,1866.58,0.789,0.845,0.805,0.855,0.876
CORUMBÁ,500320.0,5003207.0,7,6.82,n/d,MS,Mato Grosso do Sul,Centro-Oeste,Brasil,102596.0,627.1,0.546,0.7,0.586,0.834,0.701
TEÓFILO OTONI,316860.0,3168606.0,9,6.76,n/d,MG,Minas Gerais,Sudeste,Brasil,133143.0,615.34,0.492,0.701,0.598,0.824,0.698
BARUERI,350570.0,3505708.0,16,6.67,RM São Paulo,SP,São Paulo,Sudeste,Brasil,240055.0,1095.84,0.631,0.786,0.708,0.866,0.791
BRUSQUE,420290.0,4202909.0,7,6.67,n/d,SC,Santa Catarina,Sul,Brasil,104887.0,1116.93,0.591,0.795,0.707,0.894,0.794
POÁ,353980.0,3539806.0,7,6.62,RM São Paulo,SP,São Paulo,Sudeste,Brasil,105717.0,664.31,0.677,0.771,0.754,0.856,0.71
PALHOÇA,421190.0,4211900.0,9,6.58,n/d,SC,Santa Catarina,Sul,Brasil,136699.0,862.74,0.609,0.757,0.672,0.859,0.752
BENTO GONÇALVES,430210.0,4302105.0,7,6.56,n/d,RS,Rio Grande do Sul,Sul,Brasil,106666.0,1196.56,0.614,0.778,0.695,0.842,0.805
RIO CLARO,354390.0,3543907.0,12,6.48,n/d,SP,São Paulo,Sudeste,Brasil,185172.0,1049.16,0.671,0.803,0.766,0.862,0.784
GUARATINGUETÁ,351840.0,3518404.0,7,6.28,n/d,SP,São Paulo,Sudeste,Brasil,111540.0,926.78,0.673,0.798,0.751,0.886,0.764
CAMPO LARGO,410420.0,4104204.0,7,6.26,RM Curitiba,PR,Paraná,Sul,Brasil,111827.0,749.21,0.528,0.745,0.664,0.854,0.73
SÃO PAULO,355030.0,3550308.0,698,6.25,RM São Paulo,SP,São Paulo,Sudeste,Brasil,11172609.0,1516.21,0.677,0.805,0.725,0.855,0.843
DOURADOS,500370.0,5003702.0,12,6.18,n/d,MS,Mato Grosso do Sul,Centro-Oeste,Brasil,194084.0,866.4,0.587,0.747,0.657,0.843,0.753
TRÊS LAGOAS,500830.0,5008305.0,6,5.93,n/d,MS,Mato Grosso do Sul,Centro-Oeste,Brasil,101171.0,863.66,0.579,0.744,0.645,0.849,0.752
TEIXEIRA DE FREITAS,293135.0,2931350.0,8,5.85,n/d,BA,Bahia,Nordeste,Brasil,136656.0,560.73,0.503,0.685,0.588,0.8,0.683
APUCARANA,410140.0,4101408.0,7,5.81,n/d,PR,Paraná,Sul,Brasil,120486.0,804.81,0.548,0.748,0.668,0.845,0.741
LAGES,420930.0,4209300.0,9,5.77,n/d,SC,Santa Catarina,Sul,Brasil,156106.0,878.34,0.608,0.77,0.697,0.867,0.755
SANTANA DE PARNAÍBA,354730.0,3547304.0,6,5.54,RM São Paulo,SP,São Paulo,Sudeste,Brasil,108248.0,1858.69,0.657,0.814,0.725,0.849,0.876
INDAIATUBA,352050.0,3520509.0,11,5.47,n/d,SP,São Paulo,Sudeste,Brasil,201009.0,1098.31,0.657,0.788,0.738,0.837,0.791
MOGI DAS CRUZES,353060.0,3530607.0,21,5.44,RM São Paulo,SP,São Paulo,Sudeste,Brasil,386276.0,916.81,0.662,0.783,0.74,0.851,0.762
ARARAQUARA,350320.0,3503208.0,11,5.32,n/d,SP,São Paulo,Sudeste,Brasil,206646.0,1080.66,0.687,0.815,0.782,0.877,0.788
ITU,352390.0,3523909.0,8,5.22,n/d,SP,São Paulo,Sudeste,Brasil,153310.0,1038.14,0.621,0.773,0.692,0.854,0.782
CONSELHEIRO LAFAIETE,311830.0,3118304.0,6,5.17,n/d,MG,Minas Gerais,Sudeste,Brasil,116043.0,781.59,0.603,0.761,0.697,0.86,0.736
BAGÉ,430160.0,4301602.0,6,5.17,n/d,RS,Rio Grande do Sul,Sul,Brasil,116108.0,795.56,0.585,0.74,0.647,0.848,0.739
MOGI GUAÇU,353070.0,3530706.0,7,5.12,n/d,SP,São Paulo,Sudeste,Brasil,136821.0,802.19,0.598,0.774,0.736,0.852,0.74
SANTA CRUZ DO SUL,431680.0,4316808.0,6,5.12,n/d,RS,Rio Grande do Sul,Sul,Brasil,117169.0,1036.87,0.619,0.773,0.693,0.852,0.782
CUBATÃO,351350.0,3513504.0,6,5.08,n/d,SP,São Paulo,Sudeste,Brasil,118004.0,689.21,0.593,0.737,0.681,0.821,0.716
IPATINGA,313130.0,3131307.0,12,5.04,n/d,MG,Minas Gerais,Sudeste,Brasil,238052.0,862.91,0.625,0.771,0.705,0.864,0.752
GOIÂNIA,520870.0,5208707.0,65,5.01,n/d,GO,Goiás,Centro-Oeste,Brasil,1297161.0,1348.55,0.714,0.799,0.739,0.838,0.824
CABO FRIO,330070.0,3300704.0,9,4.86,n/d,RJ,Rio de Janeiro,Sudeste,Brasil,185301.0,815.75,0.606,0.735,0.64,0.836,0.743
GUARAPUAVA,410940.0,4109401.0,8,4.82,n/d,PR,Paraná,Sul,Brasil,165849.0,750.09,0.519,0.731,0.628,0.853,0.73
RIO BRANCO,120040.0,1200401.0,16,4.8,n/d,AC,Acre,Norte,Brasil,333052.0,744.67,0.607,0.727,0.661,0.798,0.729
GUARAPARI,320240.0,3202405.0,5,4.78,n/d,ES,Espírito Santo,Sudeste,Brasil,104656.0,830.51,0.564,0.731,0.626,0.837,0.746
BOTUCATU,350750.0,3507506.0,6,4.73,n/d,SP,São Paulo,Sudeste,Brasil,126813.0,1089.1,0.653,0.8,0.746,0.869,0.79
MARICÁ,330270.0,3302700.0,6,4.72,RM Rio de Janeiro,RJ,Rio de Janeiro,Sudeste,Brasil,127228.0,910.41,0.655,0.765,0.692,0.85,0.761
MARÍLIA,352900.0,3529005.0,10,4.67,n/d,SP,São Paulo,Sudeste,Brasil,213999.0,953.2,0.673,0.798,0.776,0.854,0.768
POUSO ALEGRE,315250.0,3152501.0,6,4.63,n/d,MG,Minas Gerais,Sudeste,Brasil,129577.0,878.26,0.619,0.774,0.704,0.872,0.755
CASCAVEL,410480.0,4104808.0,13,4.61,n/d,PR,Paraná,Sul,Brasil,281772.0,1003.38,0.63,0.782,0.728,0.846,0.776
JAÚ,352530.0,3525300.0,6,4.61,n/d,SP,São Paulo,Sudeste,Brasil,130260.0,951.17,0.572,0.778,0.693,0.886,0.768
RIO VERDE,521880.0,5218805.0,8,4.56,n/d,GO,Goiás,Centro-Oeste,Brasil,175474.0,936.75,0.556,0.754,0.656,0.853,0.765
SINOP,510790.0,5107909.0,5,4.46,n/d,MT,Mato Grosso,Centro-Oeste,Brasil,112124.0,877.68,0.571,0.754,0.682,0.832,0.755
CURITIBA,410690.0,4106902.0,77,4.42,RM Curitiba,PR,Paraná,Sul,Brasil,1740948.0,1581.04,0.74,0.823,0.768,0.855,0.85
BAURU,350600.0,3506003.0,15,4.42,n/d,SP,São Paulo,Sudeste,Brasil,339422.0,1163.86,0.672,0.801,0.752,0.854,0.8
PASSO FUNDO,431410.0,4314100.0,8,4.36,n/d,RS,Rio Grande do Sul,Sul,Brasil,183407.0,1068.95,0.663,0.776,0.699,0.849,0.787
SÃO JOSÉ,421660.0,4216602.0,9,4.31,n/d,SC,Santa Catarina,Sul,Brasil,208673.0,1157.43,0.728,0.809,0.752,0.88,0.799
CAMPO GRANDE,500270.0,5002704.0,33,4.24,n/d,MS,Mato Grosso do Sul,Centro-Oeste,Brasil,777917.0,1089.37,0.667,0.784,0.724,0.844,0.79
SETE LAGOAS,316720.0,3167202.0,9,4.22,n/d,MG,Minas Gerais,Sudeste,Brasil,213087.0,809.26,0.59,0.76,0.705,0.84,0.742
SÃO LEOPOLDO,431870.0,4318705.0,9,4.22,RM Porto Alegre,RS,Rio Grande do Sul,Sul,Brasil,213161.0,939.93,0.599,0.739,0.612,0.861,0.766
VIAMÃO,432300.0,4323002.0,10,4.21,RM Porto Alegre,RS,Rio Grande do Sul,Sul,Brasil,237679.0,707.05,0.576,0.717,0.591,0.866,0.72
NOVO HAMBURGO,431340.0,4313409.0,10,4.2,RM Porto Alegre,RS,Rio Grande do Sul,Sul,Brasil,237941.0,1011.62,0.552,0.747,0.629,0.852,0.778
RESENDE,330420.0,3304201.0,5,4.19,n/d,RJ,Rio de Janeiro,Sudeste,Brasil,119435.0,915.21,0.664,0.768,0.709,0.839,0.762
RONDONÓPOLIS,510760.0,5107602.0,8,4.14,n/d,MT,Mato Grosso,Centro-Oeste,Brasil,193435.0,843.62,0.598,0.755,0.698,0.823,0.749
BRAGANÇA PAULISTA,350760.0,3507605.0,6,4.13,n/d,SP,São Paulo,Sudeste,Brasil,145407.0,974.08,0.623,0.776,0.704,0.861,0.772
ALVORADA,430060.0,4300604.0,8,4.1,RM Porto Alegre,RS,Rio Grande do Sul,Sul,Brasil,194977.0,600.48,0.563,0.699,0.564,0.874,0.694
VARGINHA,317070.0,3170701.0,5,4.08,n/d,MG,Minas Gerais,Sudeste,Brasil,122584.0,904.57,0.629,0.778,0.707,0.875,0.76
URUGUAIANA,432240.0,4322400.0,5,4.02,n/d,RS,Rio Grande do Sul,Sul,Brasil,124283.0,714.26,0.606,0.744,0.661,0.863,0.722
COTIA,351300.0,3513009.0,8,4.01,RM São Paulo,SP,São Paulo,Sudeste,Brasil,199437.0,1085.66,0.639,0.78,0.707,0.851,0.789
ATIBAIA,350410.0,3504107.0,5,3.98,n/d,SP,São Paulo,Sudeste,Brasil,125501.0,1063.52,0.58,0.765,0.67,0.851,0.786
NITERÓI,330330.0,3303302.0,19,3.93,RM Rio de Janeiro,RJ,Rio de Janeiro,Sudeste,Brasil,482950.0,2000.29,0.794,0.837,0.773,0.854,0.887
FOZ DO IGUAÇU,410830.0,4108304.0,10,3.93,n/d,PR,Paraná,Sul,Brasil,254276.0,842.26,0.591,0.751,0.661,0.858,0.748
BLUMENAU,420240.0,4202404.0,12,3.92,n/d,SC,Santa Catarina,Sul,Brasil,306393.0,1253.17,0.659,0.806,0.722,0.894,0.812
RIO DAS OSTRAS,330452.0,3304524.0,4,3.81,n/d,RJ,Rio de Janeiro,Sudeste,Brasil,104951.0,1051.19,0.665,0.773,0.689,0.854,0.784
SALTO,354520.0,3545209.0,4,3.8,n/d,SP,São Paulo,Sudeste,Brasil,105198.0,876.67,0.632,0.78,0.751,0.837,0.755
DIVINÓPOLIS,312230.0,3122306.0,8,3.78,n/d,MG,Minas Gerais,Sudeste,Brasil,211866.0,868.57,0.593,0.764,0.702,0.844,0.753
VALINHOS,355620.0,3556206.0,4,3.76,n/d,SP,São Paulo,Sudeste,Brasil,106411.0,1570.91,0.673,0.819,0.763,0.85,0.848
TATUÍ,355400.0,3554003.0,4,3.74,n/d,SP,São Paulo,Sudeste,Brasil,106912.0,771.05,0.57,0.752,0.688,0.842,0.734
CANOAS,430460.0,4304606.0,12,3.72,RM Porto Alegre,RS,Rio Grande do Sul,Sul,Brasil,322949.0,952.13,0.646,0.75,0.636,0.864,0.768
CACHOEIRO DE ITAPEMIRIM,320120.0,3201209.0,7,3.71,n/d,ES,Espírito Santo,Sudeste,Brasil,188790.0,763.71,0.561,0.746,0.677,0.837,0.733
TERESÓPOLIS,330580.0,3305802.0,6,3.68,n/d,RJ,Rio de Janeiro,Sudeste,Brasil,162971.0,859.79,0.531,0.73,0.605,0.855,0.752
ITAGUAÍ,330200.0,3302007.0,4,3.68,RM Rio de Janeiro,RJ,Rio de Janeiro,Sudeste,Brasil,108802.0,635.5,0.575,0.715,0.638,0.814,0.703
RIBEIRÃO PRETO,354340.0,3543402.0,22,3.67,n/d,SP,São Paulo,Sudeste,Brasil,599026.0,1314.04,0.683,0.8,0.739,0.844,0.82
MARINGÁ,411520.0,4115200.0,13,3.67,n/d,PR,Paraná,Sul,Brasil,354512.0,1202.63,0.691,0.808,0.768,0.852,0.806
SÃO CARLOS,354890.0,3548906.0,8,3.63,n/d,SP,São Paulo,Sudeste,Brasil,220666.0,1079.45,0.693,0.805,0.766,0.863,0.788
COLATINA,320150.0,3201506.0,4,3.61,n/d,ES,Espírito Santo,Sudeste,Brasil,110795.0,788.29,0.528,0.746,0.668,0.841,0.738
RIO GRANDE,431560.0,4315602.0,7,3.58,n/d,RS,Rio Grande do Sul,Sul,Brasil,195482.0,859.2,0.584,0.744,0.637,0.861,0.752
ITAPETININGA,352230.0,3522307.0,5,3.56,n/d,SP,São Paulo,Sudeste,Brasil,140581.0,741.64,0.598,0.763,0.705,0.864,0.728
CATANDUVA,351110.0,3511102.0,4,3.56,n/d,SP,São Paulo,Sudeste,Brasil,112210.0,945.05,0.611,0.785,0.74,0.853,0.767
PONTA GROSSA,411990.0,4119905.0,11,3.55,n/d,PR,Paraná,Sul,Brasil,309810.0,877.1,0.614,0.763,0.703,0.837,0.755
RIBEIRÃO PIRES,354330.0,3543303.0,4,3.55,RM São Paulo,SP,São Paulo,Sudeste,Brasil,112775.0,847.11,0.684,0.784,0.76,0.847,0.749
JOÃO PESSOA,250750.0,2507507.0,25,3.5,n/d,PB,Paraíba,Nordeste,Brasil,713290.0,964.82,0.663,0.763,0.693,0.832,0.77
RIO DE JANEIRO,330455.0,3304557.0,217,3.46,RM Rio de Janeiro,RJ,Rio de Janeiro,Sudeste,Brasil,6265402.0,1492.63,0.722,0.799,0.719,0.845,0.84
ITABUNA,291480.0,2914802.0,7,3.45,n/d,BA,Bahia,Nordeste,Brasil,203181.0,605.12,0.576,0.712,0.643,0.807,0.695
PINHAIS,411915.0,4119152.0,4,3.44,RM Curitiba,PR,Paraná,Sul,Brasil,116153.0,911.51,0.604,0.751,0.666,0.836,0.761
PINDAMONHANGABA,353800.0,3538006.0,5,3.42,n/d,SP,São Paulo,Sudeste,Brasil,146392.0,826.02,0.663,0.773,0.736,0.843,0.745
PRESIDENTE PRUDENTE,354140.0,3541406.0,7,3.41,n/d,SP,São Paulo,Sudeste,Brasil,205558.0,1080.22,0.674,0.806,0.774,0.858,0.788
TOLEDO,412770.0,4127700.0,4,3.36,n/d,PR,Paraná,Sul,Brasil,118908.0,876.72,0.586,0.768,0.702,0.855,0.755
APARECIDA DE GOIÂNIA,520140.0,5201405.0,15,3.32,n/d,GO,Goiás,Centro-Oeste,Brasil,452269.0,689.3,0.57,0.718,0.62,0.834,0.716
JEQUIÉ,291800.0,2918001.0,5,3.32,n/d,BA,Bahia,Nordeste,Brasil,150577.0,473.92,0.49,0.665,0.568,0.79,0.656
PIRACICABA,353870.0,3538709.0,12,3.31,n/d,SP,São Paulo,Sudeste,Brasil,363011.0,1143.2,0.64,0.785,0.717,0.848,0.797
TABOÃO DA SERRA,355280.0,3552809.0,8,3.28,RM São Paulo,SP,São Paulo,Sudeste,Brasil,243983.0,812.19,0.653,0.769,0.71,0.863,0.742
TAUBATÉ,355410.0,3554102.0,9,3.26,n/d,SP,São Paulo,Sudeste,Brasil,276215.0,1011.95,0.682,0.8,0.746,0.883,0.778
PARAUAPEBAS,150553.0,1505536.0,5,3.26,n/d,PA,Pará,Norte,Brasil,153443.0,627.61,0.603,0.715,0.644,0.809,0.701
ARACAJU,280030.0,2800308.0,18,3.18,n/d,SE,Sergipe,Nordeste,Brasil,565274.0,1052.03,0.695,0.77,0.708,0.823,0.784
GARANHUNS,260600.0,2606002.0,4,3.11,n/d,PE,Pernambuco,Nordeste,Brasil,128786.0,492.44,0.466,0.664,0.556,0.795,0.662
SANTA MARIA,431690.0,4316907.0,8,3.09,n/d,RS,Rio Grande do Sul,Sul,Brasil,258667.0,1127.25,0.683,0.784,0.715,0.848,0.795
GOVERNADOR VALADARES,312770.0,3127701.0,8,3.06,n/d,MG,Minas Gerais,Sudeste,Brasil,261663.0,678.74,0.549,0.727,0.644,0.834,0.714
CAXIAS DO SUL,430510.0,4305108.0,13,3.0,n/d,RS,Rio Grande do Sul,Sul,Brasil,433304.0,1253.93,0.668,0.782,0.686,0.86,0.812
UBÁ,316990.0,3169901.0,3,2.97,n/d,MG,Minas Gerais,Sudeste,Brasil,101130.0,739.56,0.503,0.724,0.62,0.841,0.727
ITATIBA,352340.0,3523404.0,3,2.97,n/d,SP,São Paulo,Sudeste,Brasil,101022.0,1080.74,0.599,0.778,0.708,0.844,0.788
SANTO ANDRÉ,354780.0,3547809.0,20,2.96,RM São Paulo,SP,São Paulo,Sudeste,Brasil,674948.0,1304.31,0.707,0.815,0.769,0.861,0.819
ANGRA DOS REIS,330010.0,3300100.0,5,2.96,n/d,RJ,Rio de Janeiro,Sudeste,Brasil,168814.0,798.68,0.554,0.724,0.605,0.846,0.74
JOINVILLE,420910.0,4209102.0,15,2.93,n/d,SC,Santa Catarina,Sul,Brasil,512406.0,1126.74,0.709,0.809,0.749,0.889,0.795
BARREIRAS,290320.0,2903201.0,4,2.93,n/d,BA,Bahia,Nordeste,Brasil,136670.0,602.82,0.596,0.721,0.668,0.807,0.695
ALMIRANTE TAMANDARÉ,410040.0,4100400.0,3,2.91,RM Curitiba,PR,Paraná,Sul,Brasil,103008.0,646.02,0.496,0.699,0.575,0.84,0.706
PASSOS,314790.0,3147907.0,3,2.84,n/d,MG,Minas Gerais,Sudeste,Brasil,105700.0,802.97,0.525,0.756,0.658,0.886,0.741
BARRA MANSA,330040.0,3300407.0,5,2.82,n/d,RJ,Rio de Janeiro,Sudeste,Brasil,177326.0,705.1,0.582,0.729,0.657,0.819,0.72
CAMPINAS,350950.0,3509502.0,30,2.8,n/d,SP,São Paulo,Sudeste,Brasil,1071983.0,1390.83,0.677,0.805,0.731,0.86,0.829
ARAÇATUBA,350280.0,3502804.0,5,2.77,n/d,SP,São Paulo,Sudeste,Brasil,180537.0,1036.09,0.643,0.788,0.744,0.841,0.782
SÃO MATEUS,320490.0,3204906.0,3,2.77,n/d,ES,Espírito Santo,Sudeste,Brasil,108223.0,699.99,0.557,0.735,0.655,0.843,0.719
JANDIRA,352500.0,3525003.0,3,2.77,RM São Paulo,SP,São Paulo,Sudeste,Brasil,108193.0,792.33,0.609,0.76,0.706,0.841,0.738
SÃO BERNARDO DO CAMPO,354870.0,3548708.0,21,2.76,RM São Paulo,SP,São Paulo,Sudeste,Brasil,761343.0,1212.65,0.702,0.805,0.752,0.861,0.807
UBERABA,317010.0,3170107.0,8,2.73,n/d,MG,Minas Gerais,Sudeste,Brasil,292644.0,978.01,0.63,0.772,0.705,0.845,0.772
VOLTA REDONDA,330630.0,3306305.0,7,2.72,n/d,RJ,Rio de Janeiro,Sudeste,Brasil,257116.0,920.51,0.672,0.771,0.72,0.833,0.763
JUNDIAÍ,352590.0,3525904.0,10,2.71,n/d,SP,São Paulo,Sudeste,Brasil,368777.0,1431.55,0.674,0.822,0.768,0.866,0.834
MOSSORÓ,240800.0,2408003.0,7,2.71,n/d,RN,Rio Grande do Norte,Nordeste,Brasil,258460.0,600.28,0.565,0.72,0.663,0.811,0.694
ANÁPOLIS,520110.0,5201108.0,9,2.7,n/d,GO,Goiás,Centro-Oeste,Brasil,333067.0,785.17,0.609,0.737,0.66,0.822,0.737
SÃO JOSÉ DOS PINHAIS,412550.0,4125506.0,7,2.66,RM Curitiba,PR,Paraná,Sul,Brasil,263194.0,846.93,0.617,0.758,0.678,0.859,0.749
TERESINA,221100.0,2211001.0,21,2.6,n/d,PI,Piauí,Nordeste,Brasil,806168.0,757.57,0.642,0.751,0.707,0.82,0.731
LONDRINA,411370.0,4113700.0,13,2.58,n/d,PR,Paraná,Sul,Brasil,503548.0,1083.35,0.649,0.778,0.712,0.837,0.789
ARARAS,350330.0,3503307.0,3,2.55,n/d,SP,São Paulo,Sudeste,Brasil,117824.0,921.76,0.617,0.781,0.728,0.859,0.763
SÃO JOSÉ DO RIO PRETO,354980.0,3549805.0,10,2.47,n/d,SP,São Paulo,Sudeste,Brasil,405342.0,1169.16,0.661,0.797,0.748,0.846,0.801
PELOTAS,431440.0,4314407.0,8,2.45,n/d,RS,Rio Grande do Sul,Sul,Brasil,326650.0,894.35,0.58,0.739,0.632,0.844,0.758
MACAÉ,330240.0,3302403.0,5,2.43,n/d,RJ,Rio de Janeiro,Sudeste,Brasil,206005.0,1103.42,0.678,0.764,0.681,0.828,0.792
BELO HORIZONTE,310620.0,3106200.0,57,2.42,RM Belo Horizonte,MG,Minas Gerais,Sudeste,Brasil,2356435.0,1497.29,0.702,0.81,0.737,0.856,0.841
JUAZEIRO DO NORTE,230730.0,2307304.0,6,2.42,n/d,CE,Ceará,Nordeste,Brasil,248222.0,439.53,0.528,0.694,0.642,0.81,0.644
PETRÓPOLIS,330390.0,3303906.0,7,2.38,n/d,RJ,Rio de Janeiro,Sudeste,Brasil,294326.0,922.49,0.566,0.745,0.639,0.847,0.763
VÁRZEA GRANDE,510840.0,5108402.0,6,2.38,n/d,MT,Mato Grosso,Centro-Oeste,Brasil,251845.0,668.86,0.604,0.734,0.661,0.842,0.711
PORTO SEGURO,292530.0,2925303.0,3,2.38,n/d,BA,Bahia,Nordeste,Brasil,125914.0,527.04,0.499,0.676,0.572,0.801,0.673
JACAREÍ,352440.0,3524402.0,5,2.37,n/d,SP,São Paulo,Sudeste,Brasil,210767.0,846.53,0.66,0.777,0.749,0.837,0.749
GRAVATAÍ,430920.0,4309209.0,6,2.35,RM Porto Alegre,RS,Rio Grande do Sul,Sul,Brasil,254991.0,737.29,0.611,0.736,0.636,0.862,0.727
SUZANO,355250.0,3552502.0,6,2.3,RM São Paulo,SP,São Paulo,Sudeste,Brasil,261357.0,654.61,0.62,0.765,0.723,0.873,0.708
SAPUCAIA DO SUL,432000.0,4320008.0,3,2.3,RM Porto Alegre,RS,Rio Grande do Sul,Sul,Brasil,130595.0,733.28,0.589,0.726,0.624,0.844,0.726
VALPARAÍSO DE GOIÁS,522185.0,5221858.0,3,2.26,RIDE DF,GO,Goiás,Centro-Oeste,Brasil,132705.0,764.73,0.663,0.746,0.695,0.815,0.733
OSASCO,353440.0,3534401.0,15,2.25,RM São Paulo,SP,São Paulo,Sudeste,Brasil,665237.0,1003.4,0.648,0.776,0.718,0.84,0.776
NOVA FRIBURGO,330340.0,3303401.0,4,2.21,n/d,RJ,Rio de Janeiro,Sudeste,Brasil,181153.0,894.75,0.55,0.745,0.645,0.846,0.758
PATOS DE MINAS,314800.0,3148004.0,3,2.17,n/d,MG,Minas Gerais,Sudeste,Brasil,138003.0,843.57,0.576,0.765,0.698,0.855,0.749
CONTAGEM,311860.0,3118601.0,13,2.16,RM Belo Horizonte,MG,Minas Gerais,Sudeste,Brasil,600466.0,824.3,0.623,0.756,0.697,0.832,0.745
JUIZ DE FORA,313670.0,3136702.0,11,2.15,n/d,MG,Minas Gerais,Sudeste,Brasil,512779.0,1050.88,0.65,0.778,0.711,0.844,0.784
LINHARES,320320.0,3203205.0,3,2.15,n/d,ES,Espírito Santo,Sudeste,Brasil,139823.0,711.38,0.531,0.724,0.63,0.834,0.721
PARANAGUÁ,411820.0,4118204.0,3,2.14,n/d,PR,Paraná,Sul,Brasil,139894.0,765.85,0.592,0.75,0.676,0.852,0.733
NATAL,240810.0,2408102.0,17,2.13,n/d,RN,Rio Grande do Norte,Nordeste,Brasil,797986.0,950.34,0.659,0.763,0.694,0.835,0.768
BOA VISTA,140010.0,1400100.0,6,2.13,n/d,RR,Roraima,Norte,Brasil,281538.0,786.55,0.687,0.752,0.708,0.816,0.737
ALAGOINHAS,290070.0,2900702.0,3,2.12,n/d,BA,Bahia,Nordeste,Brasil,141312.0,553.17,0.575,0.683,0.592,0.79,0.681
SÃO LUÍS,211130.0,2111300.0,21,2.09,n/d,MA,Maranhão,Nordeste,Brasil,1005101.0,805.36,0.735,0.768,0.752,0.813,0.741
GUARUJÁ,351870.0,3518701.0,6,2.07,n/d,SP,São Paulo,Sudeste,Brasil,290055.0,745.0,0.594,0.751,0.679,0.854,0.729
JUAZEIRO,291840.0,2918407.0,4,2.03,n/d,BA,Bahia,Nordeste,Brasil,197031.0,476.58,0.511,0.677,0.594,0.796,0.657
VESPASIANO,317120.0,3171204.0,2,1.92,RM Belo Horizonte,MG,Minas Gerais,Sudeste,Brasil,104081.0,539.05,0.477,0.688,0.592,0.811,0.677
ARAPONGAS,410150.0,4101507.0,2,1.92,n/d,PR,Paraná,Sul,Brasil,103954.0,855.02,0.567,0.748,0.669,0.834,0.751
AMERICANA,350160.0,3501608.0,4,1.91,n/d,SP,São Paulo,Sudeste,Brasil,209811.0,1161.68,0.651,0.811,0.76,0.876,0.8
CARAPICUÍBA,351060.0,3510609.0,7,1.9,RM São Paulo,SP,São Paulo,Sudeste,Brasil,368909.0,712.78,0.6,0.749,0.693,0.842,0.721
FRANCA,351620.0,3516200.0,6,1.89,n/d,SP,São Paulo,Sudeste,Brasil,317558.0,846.57,0.631,0.78,0.753,0.842,0.749
VÁRZEA PAULISTA,355650.0,3556503.0,2,1.87,n/d,SP,São Paulo,Sudeste,Brasil,106832.0,706.02,0.572,0.759,0.705,0.863,0.72
PAULO AFONSO,292400.0,2924009.0,2,1.86,n/d,BA,Bahia,Nordeste,Brasil,107558.0,544.73,0.486,0.674,0.572,0.789,0.678
MESQUITA,330285.0,3302858.0,3,1.78,RM Rio de Janeiro,RJ,Rio de Janeiro,Sudeste,Brasil,168234.0,640.37,0.662,0.737,0.678,0.839,0.704
MACAPÁ,160030.0,1600303.0,7,1.77,n/d,AP,Amapá,Norte,Brasil,395465.0,717.88,0.679,0.733,0.663,0.82,0.723
MAGÉ,330250.0,3302502.0,4,1.77,RM Rio de Janeiro,RJ,Rio de Janeiro,Sudeste,Brasil,226225.0,567.59,0.545,0.709,0.626,0.832,0.685
DUQUE DE CAXIAS,330170.0,3301702.0,15,1.76,RM Rio de Janeiro,RJ,Rio de Janeiro,Sudeste,Brasil,853747.0,592.81,0.584,0.711,0.624,0.833,0.692
SÃO JOSÉ DOS CAMPOS,354990.0,3549904.0,11,1.75,n/d,SP,São Paulo,Sudeste,Brasil,627707.0,1190.96,0.703,0.807,0.764,0.855,0.804
LUZIÂNIA,521250.0,5212501.0,3,1.73,RIDE DF,GO,Goiás,Centro-Oeste,Brasil,173474.0,580.88,0.51,0.701,0.602,0.831,0.689
SOROCABA,355220.0,3552205.0,10,1.72,n/d,SP,São Paulo,Sudeste,Brasil,581667.0,1107.19,0.677,0.798,0.762,0.843,0.792
SANTARÉM,150680.0,1506807.0,5,1.71,n/d,PA,Pará,Norte,Brasil,293064.0,409.07,0.569,0.691,0.648,0.807,0.632
ARAUCÁRIA,410180.0,4101804.0,2,1.68,RM Curitiba,PR,Paraná,Sul,Brasil,119047.0,814.39,0.569,0.74,0.639,0.852,0.743
MONTES CLAROS,314330.0,3143302.0,6,1.67,n/d,MG,Minas Gerais,Sudeste,Brasil,359278.0,650.62,0.646,0.77,0.744,0.868,0.707
FEIRA DE SANTANA,291080.0,2910800.0,9,1.63,n/d,BA,Bahia,Nordeste,Brasil,552741.0,662.24,0.576,0.712,0.619,0.82,0.71
MANAUS,130260.0,1302603.0,29,1.62,n/d,AM,Amazonas,Norte,Brasil,1793443.0,790.27,0.679,0.737,0.658,0.826,0.738
MACEIÓ,270430.0,2704302.0,15,1.62,n/d,AL,Alagoas,Nordeste,Brasil,924611.0,792.54,0.591,0.721,0.635,0.799,0.739
FRANCO DA ROCHA,351640.0,3516408.0,2,1.62,RM São Paulo,SP,São Paulo,Sudeste,Brasil,123427.0,632.42,0.527,0.731,0.654,0.852,0.702
BARBACENA,310560.0,3105608.0,2,1.6,n/d,MG,Minas Gerais,Sudeste,Brasil,124847.0,854.27,0.569,0.769,0.687,0.881,0.751
UBERLÂNDIA,317020.0,3170206.0,9,1.5,n/d,MG,Minas Gerais,Sudeste,Brasil,600747.0,1001.45,0.646,0.789,0.716,0.885,0.776
ITAPEVI,352250.0,3522505.0,3,1.5,RM São Paulo,SP,São Paulo,Sudeste,Brasil,200590.0,575.72,0.554,0.735,0.677,0.855,0.687
LIMEIRA,352690.0,3526902.0,4,1.45,n/d,SP,São Paulo,Sudeste,Brasil,275032.0,910.85,0.61,0.775,0.719,0.852,0.761
QUEIMADOS,330414.0,3304144.0,2,1.45,RM Rio de Janeiro,RJ,Rio de Janeiro,Sudeste,Brasil,137712.0,484.4,0.536,0.68,0.589,0.81,0.659
ARAPIRACA,270030.0,2700300.0,3,1.41,n/d,AL,Alagoas,Nordeste,Brasil,212874.0,423.28,0.42,0.649,0.549,0.78,0.638
GUARULHOS,351880.0,3518800.0,17,1.4,RM São Paulo,SP,São Paulo,Sudeste,Brasil,1213492.0,829.91,0.639,0.763,0.717,0.831,0.746
BELÉM,150140.0,1501402.0,19,1.37,RM Belém,PA,Pará,Norte,Brasil,1385193.0,853.82,0.692,0.746,0.673,0.822,0.751
BETIM,310670.0,3106705.0,5,1.33,RM Belo Horizonte,MG,Minas Gerais,Sudeste,Brasil,376682.0,660.56,0.587,0.749,0.687,0.864,0.709
RECIFE,261160.0,2611606.0,20,1.31,RM Recife,PE,Pernambuco,Nordeste,Brasil,1524313.0,1144.26,0.664,0.772,0.698,0.825,0.798
VITÓRIA DA CONQUISTA,293330.0,2933307.0,4,1.31,n/d,BA,Bahia,Nordeste,Brasil,304599.0,555.66,0.493,0.678,0.581,0.788,0.681
FRANCISCO MORATO,351630.0,3516309.0,2,1.3,RM São Paulo,SP,São Paulo,Sudeste,Brasil,154059.0,483.98,0.508,0.703,0.647,0.815,0.659
MARABÁ,150420.0,1504208.0,3,1.29,n/d,PA,Pará,Norte,Brasil,232030.0,527.86,0.508,0.668,0.564,0.785,0.673
ÁGUAS LINDAS DE GOIÁS,520025.0,5200258.0,2,1.26,RIDE DF,GO,Goiás,Centro-Oeste,Brasil,158508.0,449.38,0.488,0.686,0.588,0.848,0.647
CAMAÇARI,290570.0,2905701.0,3,1.24,RM Salvador,BA,Bahia,Nordeste,Brasil,242015.0,553.18,0.578,0.694,0.616,0.798,0.681
FERRAZ DE VASCONCELOS,351570.0,3515707.0,2,1.19,RM São Paulo,SP,São Paulo,Sudeste,Brasil,168022.0,587.83,0.585,0.738,0.703,0.828,0.691
CASTANHAL,150240.0,1502400.0,2,1.16,RM Belém,PA,Pará,Norte,Brasil,172265.0,467.32,0.536,0.673,0.582,0.8,0.654
PRAIA GRANDE,354100.0,3541000.0,3,1.15,n/d,SP,São Paulo,Sudeste,Brasil,261424.0,820.97,0.633,0.754,0.692,0.834,0.744
SALVADOR,292740.0,2927408.0,29,1.09,RM Salvador,BA,Bahia,Nordeste,Brasil,2650633.0,973.0,0.697,0.759,0.679,0.835,0.772
CAMPOS DOS GOYTACAZES,330100.0,3301009.0,5,1.09,n/d,RJ,Rio de Janeiro,Sudeste,Brasil,460592.0,682.59,0.555,0.716,0.619,0.83,0.715
ILHÉUS,291360.0,2913606.0,2,1.09,n/d,BA,Bahia,Nordeste,Brasil,183184.0,579.46,0.528,0.69,0.59,0.808,0.688
DIADEMA,351380.0,3513801.0,4,1.04,RM São Paulo,SP,São Paulo,Sudeste,Brasil,385473.0,694.55,0.627,0.757,0.716,0.844,0.717
PARNAMIRIM,240325.0,2403251.0,2,1.0,n/d,RN,Rio Grande do Norte,Nordeste,Brasil,200906.0,850.44,0.682,0.766,0.726,0.825,0.75
SANTA LUZIA,315780.0,3157807.0,2,0.99,RM Belo Horizonte,MG,Minas Gerais,Sudeste,Brasil,202170.0,557.62,0.53,0.715,0.625,0.859,0.682
TRINDADE,522140.0,5221403.0,1,0.97,n/d,GO,Goiás,Centro-Oeste,Brasil,103609.0,558.61,0.507,0.699,0.608,0.822,0.682
MAUÁ,352940.0,3529401.0,4,0.96,RM São Paulo,SP,São Paulo,Sudeste,Brasil,415015.0,709.25,0.641,0.766,0.733,0.852,0.721
AÇAILÂNDIA,210005.0,2100055.0,1,0.96,n/d,MA,Maranhão,Nordeste,Brasil,103752.0,438.56,0.464,0.672,0.602,0.785,0.643
COLOMBO,410580.0,4105805.0,2,0.94,RM Curitiba,PR,Paraná,Sul,Brasil,212419.0,682.85,0.526,0.733,0.632,0.87,0.715
ITAQUAQUECETUBA,352310.0,3523107.0,3,0.93,RM São Paulo,SP,São Paulo,Sudeste,Brasil,321198.0,502.85,0.542,0.714,0.648,0.844,0.665
ITABORAÍ,330190.0,3301900.0,2,0.92,RM Rio de Janeiro,RJ,Rio de Janeiro,Sudeste,Brasil,217364.0,584.35,0.528,0.693,0.593,0.813,0.69
VOTORANTIM,355700.0,3557006.0,1,0.92,n/d,SP,São Paulo,Sudeste,Brasil,108590.0,703.99,0.64,0.767,0.747,0.838,0.72
SÃO VICENTE,355100.0,3551009.0,3,0.91,n/d,SP,São Paulo,Sudeste,Brasil,330341.0,789.32,0.65,0.768,0.716,0.857,0.738
SÃO GONÇALO,330490.0,3304904.0,9,0.9,RM Rio de Janeiro,RJ,Rio de Janeiro,Sudeste,Brasil,996948.0,669.3,0.645,0.739,0.681,0.833,0.711
BRAGANÇA,150170.0,1501709.0,1,0.89,n/d,PA,Pará,Norte,Brasil,112709.0,311.97,0.399,0.6,0.486,0.755,0.589
FORTALEZA,230440.0,2304400.0,21,0.87,RM Fortaleza,CE,Ceará,Nordeste,Brasil,2427422.0,846.36,0.658,0.754,0.695,0.824,0.749
SÃO JOÃO DE MERITI,330510.0,3305109.0,4,0.87,RM Rio de Janeiro,RJ,Rio de Janeiro,Sudeste,Brasil,458238.0,597.57,0.614,0.719,0.646,0.831,0.693
ITAPIPOCA,230640.0,2306405.0,1,0.87,n/d,CE,Ceará,Nordeste,Brasil,115450.0,264.08,0.456,0.64,0.613,0.761,0.562
JI-PARANÁ,110012.0,1100122.0,1,0.86,n/d,RO,Rondônia,Norte,Brasil,115896.0,743.35,0.532,0.714,0.617,0.81,0.728
CRATO,230420.0,2304202.0,1,0.83,n/d,CE,Ceará,Nordeste,Brasil,120655.0,470.46,0.568,0.713,0.673,0.822,0.655
IMPERATRIZ,210530.0,2105302.0,2,0.81,n/d,MA,Maranhão,Nordeste,Brasil,246317.0,613.87,0.617,0.731,0.698,0.803,0.697
SABARÁ,315670.0,3156700.0,1,0.79,RM Belo Horizonte,MG,Minas Gerais,Sudeste,Brasil,125980.0,619.93,0.561,0.731,0.67,0.833,0.699
CAMPINA GRANDE,250400.0,2504009.0,3,0.78,n/d,PB,Paraíba,Nordeste,Brasil,382571.0,630.03,0.574,0.72,0.654,0.812,0.702
VITÓRIA DE SANTO ANTÃO,261640.0,2616407.0,1,0.77,n/d,PE,Pernambuco,Nordeste,Brasil,129301.0,401.16,0.401,0.64,0.543,0.768,0.629
NOVA IGUAÇU,330350.0,3303500.0,6,0.75,RM Rio de Janeiro,RJ,Rio de Janeiro,Sudeste,Brasil,795259.0,591.0,0.604,0.713,0.641,0.818,0.691
SERRA,320500.0,3205002.0,3,0.74,n/d,ES,Espírito Santo,Sudeste,Brasil,407614.0,705.89,0.614,0.739,0.664,0.844,0.72
PETROLINA,261110.0,2611101.0,2,0.69,n/d,PE,Pernambuco,Nordeste,Brasil,291908.0,605.06,0.536,0.697,0.611,0.799,0.695
RIBEIRÃO DAS NEVES,315460.0,3154606.0,2,0.69,RM Belo Horizonte,MG,Minas Gerais,Sudeste,Brasil,291880.0,479.77,0.462,0.684,0.591,0.822,0.658
ARAGUAÍNA,170210.0,1702109.0,1,0.67,n/d,TO,Tocantins,Norte,Brasil,149300.0,737.63,0.639,0.752,0.712,0.821,0.727
ITAPECERICA DA SERRA,352220.0,3522208.0,1,0.67,RM São Paulo,SP,São Paulo,Sudeste,Brasil,148965.0,619.82,0.58,0.742,0.687,0.852,0.699
CARUARU,260410.0,2604106.0,2,0.64,n/d,PE,Pernambuco,Nordeste,Brasil,313111.0,553.99,0.468,0.677,0.569,0.799,0.681
NILÓPOLIS,330320.0,3303203.0,1,0.64,RM Rio de Janeiro,RJ,Rio de Janeiro,Sudeste,Brasil,157151.0,755.26,0.715,0.753,0.716,0.817,0.731
IBIRITÉ,312980.0,3129806.0,1,0.63,RM Belo Horizonte,MG,Minas Gerais,Sudeste,Brasil,158712.0,525.64,0.486,0.704,0.616,0.84,0.673
LAURO DE FREITAS,291920.0,2919207.0,1,0.62,RM Salvador,BA,Bahia,Nordeste,Brasil,161401.0,1031.78,0.667,0.754,0.663,0.827,0.781
SOBRAL,231290.0,2312908.0,1,0.54,n/d,CE,Ceará,Nordeste,Brasil,186474.0,448.89,0.543,0.714,0.675,0.832,0.647
HORTOLÂNDIA,351907.0,3519071.0,1,0.53,n/d,SP,São Paulo,Sudeste,Brasil,188117.0,686.96,0.59,0.756,0.703,0.859,0.716
SUMARÉ,355240.0,3552403.0,1,0.41,n/d,SP,São Paulo,Sudeste,Brasil,241007.0,820.03,0.6,0.762,0.705,0.845,0.744
OLINDA,260960.0,2609600.0,1,0.27,RM Recife,PE,Pernambuco,Nordeste,Brasil,376158.0,640.13,0.64,0.735,0.675,0.836,0.704
BELFORD ROXO,330045.0,3300456.0,1,0.21,RM Rio de Janeiro,RJ,Rio de Janeiro,Sudeste,Brasil,468774.0,491.51,0.549,0.684,0.598,0.808,0.662
JABOATÃO DOS GUARARAPES,260790.0,2607901.0,1,0.16,RM Recife,PE,Pernambuco,Nordeste,Brasil,642986.0,593.9,0.585,0.717,0.642,0.83,0.692
