cidade,uf,regiao,veiculos,codmun,pop_dou_2017,veiculos_por_100khab
ABADIA DE GOIÁS,GO,Centro-Oeste,1,5200050,8207,12
ABADIA DOS DOURADOS,MG,Sudeste,1,3100104,7059,14
ABARÉ,BA,Nordeste,1,2900207,20189,4
ABAÍRA,BA,Nordeste,1,2900108,9199,10
ABDON BATISTA,SC,Sul,1,4200051,2604,38
ABEL FIGUEIREDO,PA,Norte,1,1500131,7231,13
ACAIACA,MG,Sudeste,1,3100401,4065,24
ACAJUTIBA,BA,Nordeste,1,2900306,15727,6
ACARAÚ,CE,Nordeste,1,2300200,62199,1
ACREÚNA,GO,Centro-Oeste,1,5200134,22076,4
ADRIANÓPOLIS,PR,Sul,1,4100202,6254,15
AFOGADOS DA INGAZEIRA,PE,Nordeste,1,2600104,37017,2
AFRÂNIO,PE,Nordeste,1,2600203,19411,5
AGROLÂNDIA,SC,Sul,1,4200200,10581,9
AGRONÔMICA,SC,Sul,1,4200309,5437,18
AGUANIL,MG,Sudeste,1,3100807,4440,22
AGUDOS,SP,Sudeste,1,3500709,36880,2
AIURUOCA,MG,Sudeste,1,3101201,6209,16
AJURICABA,RS,Sul,1,4300208,7358,13
ALAGOA GRANDE,PB,Nordeste,1,2500304,28565,3
ALBERTINA,MG,Sudeste,1,3101409,3046,32
ALCINÓPOLIS,MS,Centro-Oeste,1,5000252,5188,19
ALCOBAÇA,BA,Nordeste,2,2900801,23376,8
ALDEIAS ALTAS,MA,Nordeste,1,2100303,26387,3
ALECRIM,RS,Sul,1,4300307,6736,14
ALEGRE,ES,Sudeste,2,3200201,32146,6
ALEXANDRIA,RN,Nordeste,1,2400505,13827,7
ALEXÂNIA,GO,Centro-Oeste,2,5200308,26770,7
ALFREDO CHAVES,ES,Sudeste,2,3200300,15082,13
ALFREDO WAGNER,SC,Sul,1,4200705,9960,10
ALIANÇA DO TOCANTINS,TO,Norte,1,1700350,5527,18
ALMEIRIM,PA,Norte,1,1500503,33195,3
ALMINO AFONSO,RN,Nordeste,1,2400604,4854,20
ALPESTRE,RS,Sul,2,4300505,7433,26
ALPINÓPOLIS,MG,Sudeste,2,3101904,19846,10
ALTAMIRA DO PARANÁ,PR,Sul,1,4100459,2948,33
ALTEROSA,MG,Sudeste,1,3102001,14551,6
ALTINHO,PE,Nordeste,1,2600807,22896,4
ALTO ALEGRE,RR,Norte,1,1400050,15933,6
ALTO GARÇAS,MT,Centro-Oeste,1,5100409,11532,8
ALTO PARANÁ,PR,Sul,2,4100608,14693,13
ALTO PARAÍSO DE GOIÁS,GO,Centro-Oeste,2,5200605,7514,26
ALTO PARNAÍBA,MA,Nordeste,1,2100501,11001,9
ALTO PIQUIRI,PR,Sul,2,4100707,10222,19
ALTO RIO DOCE,MG,Sudeste,2,3102100,11693,17
ALUMÍNIO,SP,Sudeste,2,3501152,18324,10
ALVARENGA,MG,Sudeste,1,3102209,4199,23
ALVINÓPOLIS,MG,Sudeste,1,3102308,15599,6
ALVORADA D'OESTE,RO,Norte,1,1100346,16747,5
ALVORADA DE MINAS,MG,Sudeste,1,3102407,3673,27
ALVORADA DO NORTE,GO,Centro-Oeste,1,5200803,8645,11
AMARAL FERRADOR,RS,Sul,1,4300638,6854,14
AMARANTE,PI,Nordeste,1,2200509,17322,5
AMARANTE DO MARANHÃO,MA,Nordeste,1,2100600,41106,2
AMARGOSA,BA,Nordeste,2,2901007,38259,5
AMONTADA,CE,Nordeste,2,2300754,42901,4
AMPARO DO SERRA,MG,Sudeste,1,3102506,4924,20
AMPÉRE,PR,Sul,1,4101002,18886,5
AMÉLIA RODRIGUES,BA,Nordeste,2,2901106,26409,7
AMÉRICA DOURADA,BA,Nordeste,1,2901155,16798,5
AMÉRICO DE CAMPOS,SP,Sudeste,1,3501806,5967,16
ANADIA,AL,Nordeste,1,2700201,17818,5
ANAGÉ,BA,Nordeste,1,2901205,19568,5
ANAJATUBA,MA,Nordeste,1,2100709,27352,3
ANASTÁCIO,MS,Centro-Oeste,2,5000708,24954,8
ANCHIETA,SC,Sul,1,4200804,5832,17
ANDARAÍ,BA,Nordeste,1,2901304,13737,7
ANDRELÂNDIA,MG,Sudeste,1,3102803,12507,7
ANDRÉ DA ROCHA,RS,Sul,1,4300661,1306,76
ANGATUBA,SP,Sudeste,2,3502200,24634,8
ANGELINA,SC,Sul,1,4200903,4943,20
ANGICOS,RN,Nordeste,1,2400802,11909,8
ANHANGUERA,GO,Centro-Oeste,1,5201207,1126,88
ANICUNS,GO,Centro-Oeste,1,5201306,21746,4
ANITA GARIBALDI,SC,Sul,2,4201000,7537,26
ANITÁPOLIS,SC,Sul,1,4201109,3248,30
ANORI,AM,Norte,1,1300102,20196,4
ANTONINA,PR,Sul,2,4101200,19420,10
ANTÔNIO DIAS,MG,Sudeste,1,3103009,9637,10
ANTÔNIO JOÃO,MS,Centro-Oeste,1,5000906,8808,11
ANTÔNIO PRADO DE MINAS,MG,Sudeste,1,3103108,1664,60
APIACÁ,ES,Sudeste,1,3200508,7932,12
APICUM-AÇU,MA,Nordeste,1,2100832,18374,5
APORÉ,GO,Centro-Oeste,1,5201504,4143,24
AQUIRAZ,CE,Nordeste,1,2301000,79128,1
ARABUTÃ,SC,Sul,1,4201273,4281,23
ARACI,BA,Nordeste,1,2902104,55935,1
ARACITABA,MG,Sudeste,1,3103306,2111,47
ARACRUZ,ES,Sudeste,2,3200607,98393,2
ARAGARÇAS,GO,Centro-Oeste,2,5201702,19884,10
ARAGUAINHA,MT,Centro-Oeste,1,5101209,931,107
ARAGUAPAZ,GO,Centro-Oeste,1,5202155,7862,12
ARAGUATINS,TO,Norte,2,1702208,35216,5
ARAIOSES,MA,Nordeste,1,2100907,46074,2
ARAL MOREIRA,MS,Centro-Oeste,2,5001243,11771,16
ARAMARI,BA,Nordeste,1,2902203,11703,8
ARANDU,SP,Sudeste,1,3503109,6368,15
ARANTINA,MG,Sudeste,1,3103603,2873,34
ARAPOEMA,TO,Norte,2,1702307,6756,29
ARAPONGA,MG,Sudeste,1,3103702,8544,11
ARAPORÃ,MG,Sudeste,1,3103751,6774,14
ARAPOTI,PR,Sul,2,4101606,27906,7
ARAPUTANGA,MT,Centro-Oeste,2,5101258,16223,12
ARAPUÁ,MG,Sudeste,1,3103801,2883,34
ARAQUARI,SC,Sul,1,4201307,35268,2
ARARUNA,PB,Nordeste,2,2501005,20418,9
ARATACA,BA,Nordeste,1,2902252,11661,8
ARAÇUAÍ,MG,Sudeste,1,3103405,37361,2
AREADO,MG,Sudeste,2,3104304,14956,13
AREALVA,SP,Sudeste,1,3503406,8452,11
AREIA BRANCA,RN,Nordeste,1,2401107,27401,3
AREIAL,PB,Nordeste,1,2501203,6975,14
AREIAS,SP,Sudeste,1,3503505,3879,25
AREIÓPOLIS,SP,Sudeste,1,3503604,11107,9
ARENÁPOLIS,MT,Centro-Oeste,1,5101308,9455,10
ARENÓPOLIS,GO,Centro-Oeste,1,5202353,2957,33
ARGIRITA,MG,Sudeste,1,3104403,2859,34
ARINOS,MG,Sudeste,1,3104502,18243,5
ARMAZÉM,SC,Sul,2,4201505,8520,23
ARNEIROZ,CE,Nordeste,1,2301505,7777,12
ARRAIAS,TO,Norte,1,1702406,10727,9
ARROIO DO MEIO,RS,Sul,2,4301008,20272,9
ARROIO DO TIGRE,RS,Sul,1,4301206,13388,7
ARROIO TRINTA,SC,Sul,1,4201604,3564,28
ARUJÁ,SP,Sudeste,2,3503901,86430,2
ARVOREZINHA,RS,Sul,2,4301404,10614,18
ARÊS,RN,Nordeste,1,2401206,14307,6
ASCURRA,SC,Sul,1,4201703,7877,12
ASSAÍ,PR,Sul,2,4101903,15999,12
ASTOLFO DUTRA,MG,Sudeste,1,3104601,14118,7
ATALAIA,AL,Nordeste,1,2700409,47744,2
ATALAIA DO NORTE,AM,Norte,1,1300201,19054,5
ATALANTA,SC,Sul,1,4201802,3254,30
ATALÉIA,MG,Sudeste,1,3104700,13762,7
ATILIO VIVACQUA,ES,Sudeste,1,3200706,11804,8
AUGUSTINÓPOLIS,TO,Norte,1,1702554,18089,5
AUGUSTO CORRÊA,PA,Norte,2,1500909,44734,4
AUGUSTO SEVERO,RN,Nordeste,1,2401305,9768,10
AURELINO LEAL,BA,Nordeste,1,2902401,12706,7
AURIFLAMA,SP,Sudeste,1,3504206,15085,6
AURILÂNDIA,GO,Centro-Oeste,1,5202601,3422,29
AURORA,CE,Nordeste,2,2301703,24496,8
AURORA,SC,Sul,1,4201901,5688,17
AUTAZES,AM,Norte,1,1300300,38454,2
AVAÍ,SP,Sudeste,1,3504305,5337,18
BAIXIO,CE,Nordeste,1,2301802,6228,16
BAIXO GUANDU,ES,Sudeste,2,3200805,31794,6
BALNEÁRIO ARROIO DO SILVA,SC,Sul,2,4201950,12344,16
BALNEÁRIO GAIVOTA,SC,Sul,2,4202073,10413,19
BALNEÁRIO PINHAL,RS,Sul,2,4301636,12671,15
BALNEÁRIO RINCÃO,SC,Sul,1,4220000,12403,8
BANANAL,SP,Sudeste,1,3504909,10867,9
BANANEIRAS,PB,Nordeste,2,2501500,21156,9
BANDEIRA,MG,Sudeste,1,3105202,4984,20
BANDEIRA DO SUL,MG,Sudeste,1,3105301,5739,17
BANDEIRANTES,MS,Centro-Oeste,1,5001508,6795,14
BARBOSA FERRAZ,PR,Sul,1,4102505,12300,8
BARCARENA,PA,Norte,1,1501303,121190,0
BARRA DA ESTIVA,BA,Nordeste,1,2902807,22082,4
BARRA DE SANTA ROSA,PB,Nordeste,1,2501609,15421,6
BARRA DO BUGRES,MT,Centro-Oeste,1,5101704,33644,2
BARRA DO CHOÇA,BA,Nordeste,1,2902906,34121,2
BARRA DO RIBEIRO,RS,Sul,1,4301909,13365,7
BARRA DO RIO AZUL,RS,Sul,1,4301925,1915,52
BARRA DO ROCHA,BA,Nordeste,1,2903102,6258,15
BARRA DO TURVO,SP,Sudeste,1,3505401,7781,12
BARRA DOS COQUEIROS,SE,Nordeste,1,2800605,29807,3
BARRA FUNDA,RS,Sul,1,4301958,2516,39
BARRA VELHA,SC,Sul,2,4202107,27781,7
BARRACÃO,PR,Sul,1,4102604,10314,9
BARRACÃO,RS,Sul,1,4301800,5474,18
BARRAS,PI,Nordeste,1,2201200,46291,2
BARREIRINHA,AM,Norte,1,1300508,31542,3
BARREIROS,PE,Nordeste,1,2601409,42438,2
BARRINHA,SP,Sudeste,1,3505609,31921,3
BARRO,CE,Nordeste,2,2302008,22440,8
BARRO ALTO,GO,Centro-Oeste,1,5203203,10435,9
BARROSO,MG,Sudeste,1,3105905,20882,4
BARÃO DE COCAIS,MG,Sudeste,1,3105400,31968,3
BASTOS,SP,Sudeste,2,3505807,21073,9
BATALHA,AL,Nordeste,1,2700706,18757,5
BATALHA,PI,Nordeste,1,2201507,26421,3
BATAYPORÃ,MS,Centro-Oeste,1,5002001,11248,8
BAYEUX,PB,Nordeste,2,2501807,97010,2
BAÍA FORMOSA,RN,Nordeste,1,2401404,9309,10
BELA VISTA DE GOIÁS,GO,Centro-Oeste,1,5203302,28514,3
BELA VISTA DE MINAS,MG,Sudeste,1,3106002,10416,9
BELA VISTA DO PARAÍSO,PR,Sul,2,4102802,15656,12
BELFORD ROXO,RJ,Sudeste,1,3300456,495783,0
BELO CAMPO,BA,Nordeste,1,2903508,18247,5
BELO ORIENTE,MG,Sudeste,2,3106309,26158,7
BELO VALE,MG,Sudeste,2,3106408,7841,25
BELÉM,AL,Nordeste,1,2700805,4453,22
BELÉM,PB,Nordeste,2,2501906,17685,11
BELÉM DE MARIA,PE,Nordeste,1,2601508,11992,8
BELÉM DO SÃO FRANCISCO,PE,Nordeste,1,2601607,20670,4
BENEDITO LEITE,MA,Nordeste,1,2101806,5528,18
BENEDITO NOVO,SC,Sul,1,4202206,11425,8
BENJAMIN CONSTANT,AM,Norte,1,1300607,41329,2
BENTO FERNANDES,RN,Nordeste,1,2401602,5527,18
BERILO,MG,Sudeste,1,3106507,12360,8
BERNARDINO DE CAMPOS,SP,Sudeste,1,3506300,11180,8
BERTÓPOLIS,MG,Sudeste,1,3106606,4678,21
BICAS,MG,Sudeste,2,3106903,14545,13
BILAC,SP,Sudeste,1,3506409,7837,12
BIRITIBA-MIRIM,SP,Sudeste,1,3506607,31793,3
BITURUNA,PR,Sul,2,4102901,16627,12
BOA ESPERANÇA,ES,Sudeste,1,3201001,15460,6
BOA ESPERANÇA DO SUL,SP,Sudeste,1,3506706,14727,6
BOA NOVA,BA,Nordeste,1,2903706,14069,7
BOA VISTA DA APARECIDA,PR,Sul,1,4103057,7911,12
BOA VISTA DO BURICÁ,RS,Sul,1,4302204,6829,14
BOA VISTA DO TUPIM,BA,Nordeste,1,2903805,19502,5
BOCA DA MATA,AL,Nordeste,1,2701001,27590,3
BOCAIÚVA DO SUL,PR,Sul,2,4103107,12477,16
BODOQUENA,MS,Centro-Oeste,1,5002159,7820,12
BOM JARDIM,RJ,Sudeste,2,3300506,26566,7
BOM JARDIM DA SERRA,SC,Sul,1,4202503,4694,21
BOM JARDIM DE MINAS,MG,Sudeste,1,3107505,6644,15
BOM JESUS,PI,Nordeste,1,2201903,24711,4
BOM JESUS,RS,Sul,2,4302303,11773,16
BOM JESUS DA PENHA,MG,Sudeste,1,3107604,4203,23
BOM JESUS DE GOIÁS,GO,Centro-Oeste,2,5203500,23998,8
BOM JESUS DO AMPARO,MG,Sudeste,1,3107703,6018,16
BOM JESUS DO NORTE,ES,Sudeste,1,3201100,10254,9
BOM JESUS DO TOCANTINS,PA,Norte,1,1501576,16517,6
BOM PRINCÍPIO,RS,Sul,1,4302352,13189,7
BOM RETIRO,SC,Sul,1,4202602,9796,10
BOM SUCESSO,MG,Sudeste,1,3108008,17907,5
BONFIM,RR,Norte,2,1400159,11945,16
BONFINÓPOLIS DE MINAS,MG,Sudeste,1,3108206,5764,17
BONITO,PE,Nordeste,1,2602308,38044,2
BONITO DE SANTA FÉ,PB,Nordeste,1,2502409,11938,8
BOQUEIRÃO DO LEÃO,RS,Sul,1,4302451,7914,12
BOQUIM,SE,Nordeste,1,2800670,26961,3
BORBOREMA,SP,Sudeste,1,3507407,15791,6
BORDA DA MATA,MG,Sudeste,2,3108305,19055,10
BORRAZÓPOLIS,PR,Sul,1,4103305,7280,13
BOSSOROCA,RS,Sul,1,4302501,6801,14
BOTELHOS,MG,Sudeste,2,3108404,15322,13
BOTUMIRIM,MG,Sudeste,1,3108503,6540,15
BOTUVERÁ,SC,Sul,1,4202701,5100,19
BRANQUINHA,AL,Nordeste,1,2701100,10675,9
BRASIL NOVO,PA,Norte,1,1501725,14689,6
BRASILÂNDIA,MS,Centro-Oeste,1,5002308,11864,8
BRASNORTE,MT,Centro-Oeste,1,5101902,18688,5
BRASÍLIA DE MINAS,MG,Sudeste,1,3108602,32732,3
BRAZÓPOLIS,MG,Sudeste,2,3108909,14889,13
BRAÚNA,SP,Sudeste,1,3507704,5557,17
BRAÚNAS,MG,Sudeste,1,3108800,5003,19
BREJINHO DE NAZARÉ,TO,Norte,1,1703701,5499,18
BREJO,MA,Nordeste,1,2102101,36102,2
BREJO DO CRUZ,PB,Nordeste,1,2502805,14107,7
BREVES,PA,Norte,2,1501808,99896,2
BRITÂNIA,GO,Centro-Oeste,1,5203807,5817,17
BROTAS DE MACAÚBAS,BA,Nordeste,1,2904506,10974,9
BRÁS PIRES,MG,Sudeste,1,3108701,4550,21
BUENÓPOLIS,MG,Sudeste,1,3109204,10594,9
BUERAREMA,BA,Nordeste,1,2904704,19256,5
BURI,SP,Sudeste,1,3508009,19737,5
BURITI ALEGRE,GO,Centro-Oeste,1,5203906,9535,10
BURITI BRAVO,MA,Nordeste,1,2102309,23495,4
BURITINÓPOLIS,GO,Centro-Oeste,1,5203962,3389,29
BURITIRAMA,BA,Nordeste,1,2904753,21786,4
BURITIS,MG,Sudeste,1,3109303,24689,4
BUTIÁ,RS,Sul,2,4302709,21247,9
CAARAPÓ,MS,Centro-Oeste,1,5002407,29292,3
CAATIBA,BA,Nordeste,1,2904803,7841,12
CABECEIRAS,GO,Centro-Oeste,1,5204003,7935,12
CABEDELO,PB,Nordeste,1,2503209,68033,1
CABO DE SANTO AGOSTINHO,PE,Nordeste,1,2602902,204653,0
CABO VERDE,MG,Sudeste,2,3109501,14330,13
CABROBÓ,PE,Nordeste,1,2603009,33856,2
CACHOEIRA,BA,Nordeste,1,2904902,35139,2
CACHOEIRA ALTA,GO,Centro-Oeste,1,5204102,12002,8
CACHOEIRA DE GOIÁS,GO,Centro-Oeste,1,5204201,1414,70
CACHOEIRA DE MINAS,MG,Sudeste,1,3109709,11646,8
CACHOEIRA DE PAJEÚ,MG,Sudeste,1,3102704,9479,10
CACHOEIRA DOURADA,MG,Sudeste,1,3109808,2691,37
CACHOEIRINHA,PE,Nordeste,1,2603108,20209,4
CACIMBA DE DENTRO,PB,Nordeste,1,2503506,17156,5
CACIQUE DOBLE,RS,Sul,2,4303202,5100,39
CACULÉ,BA,Nordeste,1,2905008,23817,4
CAFARNAUM,BA,Nordeste,1,2905305,19006,5
CAFELÂNDIA,SP,Sudeste,2,3508801,17645,11
CAIBI,SC,Sul,2,4203105,6213,32
CAIÇARA DO RIO DO VENTO,RN,Nordeste,1,2401909,3680,27
CAJAMAR,SP,Sudeste,1,3509205,73921,1
CAJATI,SP,Sudeste,1,3509254,28870,3
CAJOBI,SP,Sudeste,1,3509304,10444,9
CAJUEIRO,AL,Nordeste,1,2701308,21526,4
CAJURI,MG,Sudeste,1,3110202,4108,24
CALDAS,MG,Sudeste,2,3110301,14529,13
CALÇOENE,AP,Norte,1,1600204,10525,9
CAMACAN,BA,Nordeste,2,2905602,33310,6
CAMANDUCAIA,MG,Sudeste,2,3110509,22057,9
CAMARGO,RS,Sul,1,4303558,2733,36
CAMBARÁ,PR,Sul,2,4103602,25401,7
CAMBARÁ DO SUL,RS,Sul,2,4303608,6680,29
CAMBORIÚ,SC,Sul,2,4203204,78731,2
CAMBUCI,RJ,Sudeste,1,3300902,15124,6
CAMBUQUIRA,MG,Sudeste,1,3110707,13053,7
CAMOCIM DE SÃO FÉLIX,PE,Nordeste,1,2603504,18583,5
CAMPANÁRIO,MG,Sudeste,1,3110806,3757,26
CAMPESTRE,MG,Sudeste,2,3111002,21440,9
CAMPINA DA LAGOA,PR,Sul,2,4103909,15042,13
CAMPINA DAS MISSÕES,RS,Sul,1,4303707,5994,16
CAMPINA GRANDE DO SUL,PR,Sul,2,4104006,42547,4
CAMPINA VERDE,MG,Sudeste,1,3111101,20079,4
CAMPINAÇU,GO,Centro-Oeste,1,5204656,3740,26
CAMPO ALEGRE,AL,Nordeste,1,2701407,57548,1
CAMPO ALEGRE,SC,Sul,1,4203303,12012,8
CAMPO ALEGRE DE GOIÁS,GO,Centro-Oeste,1,5204805,7149,13
CAMPO BELO DO SUL,SC,Sul,1,4203402,7177,13
CAMPO BONITO,PR,Sul,1,4104055,4162,24
CAMPO DO TENENTE,PR,Sul,1,4104105,7829,12
CAMPO ERÊ,SC,Sul,2,4203501,8787,22
CAMPO FLORIDO,MG,Sudeste,1,3111408,7886,12
CAMPO FORMOSO,BA,Nordeste,2,2906006,73448,2
CAMPO LIMPO PAULISTA,SP,Sudeste,2,3509601,82520,2
CAMPO NOVO,RS,Sul,2,4304002,5161,38
CAMPOS ALTOS,MG,Sudeste,2,3111507,15387,12
CAMPOS GERAIS,MG,Sudeste,2,3111606,29057,6
CANARANA,BA,Nordeste,1,2906204,26862,3
CANAVIEIRAS,BA,Nordeste,2,2906303,33002,6
CANAÃ,MG,Sudeste,1,3111705,4699,21
CANDEIAS,MG,Sudeste,2,3112000,15147,13
CANDEIAS DO JAMARI,RO,Norte,2,1100809,25266,7
CANDIBA,BA,Nordeste,1,2906600,14792,6
CANDIOTA,RS,Sul,1,4304358,9406,10
CANGUARETAMA,RN,Nordeste,1,2402204,34267,2
CANGUÇU,RS,Sul,2,4304507,56103,3
CANINDÉ DE SÃO FRANCISCO,SE,Nordeste,1,2801207,29372,3
CANTAGALO,PR,Sul,1,4104451,13505,7
CANTANHEDE,MA,Nordeste,1,2102705,21759,4
CANTO DO BURITI,PI,Nordeste,1,2202307,20831,4
CANÁPOLIS,BA,Nordeste,1,2906105,10151,9
CANÁPOLIS,MG,Sudeste,1,3111804,12117,8
CAPANEMA,PA,Norte,2,1502202,67150,2
CAPARAÓ,MG,Sudeste,1,3112109,5489,18
CAPELA,AL,Nordeste,1,2701704,17354,5
CAPELA DE SANTANA,RS,Sul,1,4304689,11455,8
CAPELA DO ALTO ALEGRE,BA,Nordeste,1,2906857,12199,8
CAPETINGA,MG,Sudeste,1,3112406,7152,13
CAPIM GROSSO,BA,Nordeste,1,2906873,31392,3
CAPISTRANO,CE,Nordeste,1,2302909,17668,5
CAPITÃO ENÉAS,MG,Sudeste,1,3112703,15237,6
CAPITÃO LEÔNIDAS MARQUES,PR,Sul,2,4104600,15850,12
CAPITÃO POÇO,PA,Norte,2,1502301,52839,3
CAPITÓLIO,MG,Sudeste,1,3112802,8682,11
CAPUTIRA,MG,Sudeste,1,3112901,9431,10
CARACARAÍ,RR,Norte,2,1400209,20807,9
CARACOL,MS,Centro-Oeste,1,5002803,5972,16
CARAMBEÍ,PR,Sul,1,4104659,22282,4
CARANDAÍ,MG,Sudeste,2,3113206,25376,7
CARAUARI,AM,Norte,1,1301001,28337,3
CARAVELAS,BA,Nordeste,1,2906907,22740,4
CARAÍ,MG,Sudeste,1,3113008,23781,4
CARAÚBAS,RN,Nordeste,2,2402303,20707,9
CAREAÇU,MG,Sudeste,2,3113602,6757,29
CAREIRO,AM,Norte,1,1301100,37399,2
CARIACICA,ES,Sudeste,2,3201308,387368,0
CARIDADE,CE,Nordeste,1,2303006,22320,4
CARIRA,SE,Nordeste,1,2801405,21842,4
CARIÚS,CE,Nordeste,1,2303303,18804,5
CARLOS CHAGAS,MG,Sudeste,1,3113701,19750,5
CARMO DA CACHOEIRA,MG,Sudeste,2,3113909,12350,16
CARMO DA MATA,MG,Sudeste,1,3114006,11559,8
CARMO DE MINAS,MG,Sudeste,1,3114105,14822,6
CARMO DO CAJURU,MG,Sudeste,2,3114204,22136,9
CARMÓPOLIS,SE,Nordeste,1,2801504,16275,6
CARMÓPOLIS DE MINAS,MG,Sudeste,2,3114501,18995,10
CARNAUBAL,CE,Nordeste,1,2303402,17631,5
CARNAÍBA,PE,Nordeste,1,2603900,19440,5
CARNAÚBA DOS DANTAS,RN,Nordeste,1,2402402,8188,12
CAROLINA,MA,Nordeste,2,2102804,23803,8
CARPINA,PE,Nordeste,2,2604007,82685,2
CARRANCAS,MG,Sudeste,1,3114600,4110,24
CARVALHÓPOLIS,MG,Sudeste,1,3114709,3581,27
CASA BRANCA,SP,Sudeste,1,3510807,30144,3
CASA NOVA,BA,Nordeste,1,2907202,73382,1
CASCA,RS,Sul,2,4304903,9079,22
CASCALHO RICO,MG,Sudeste,1,3115003,3071,32
CASCAVEL,CE,Nordeste,1,2303501,71079,1
CASINHAS,PE,Nordeste,1,2604155,14274,7
CASTELO,ES,Sudeste,2,3201407,38304,5
CASTELO DO PIAUÍ,PI,Nordeste,1,2202604,19410,5
CASTILHO,SP,Sudeste,1,3511003,20362,4
CATANDUVAS,SC,Sul,1,4204004,10632,9
CATARINA,CE,Nordeste,1,2303600,20451,4
CATUÍPE,RS,Sul,2,4305009,9335,21
CAUCAIA,CE,Nordeste,2,2303709,362223,0
CAXAMBU DO SUL,SC,Sul,1,4204103,3850,25
CAÇU,GO,Centro-Oeste,2,5204300,15287,13
CEARÁ-MIRIM,RN,Nordeste,2,2402600,73849,2
CEDRO,CE,Nordeste,2,2303808,25063,7
CELSO RAMOS,SC,Sul,1,4204152,2760,36
CENTENÁRIO DO SUL,PR,Sul,1,4105102,11246,8
CENTRAL,BA,Nordeste,1,2907608,17969,5
CENTRAL DE MINAS,MG,Sudeste,1,3115706,7112,14
CEREJEIRAS,RO,Norte,1,1100056,17934,5
CERRO AZUL,PR,Sul,1,4105201,17885,5
CERRO GRANDE DO SUL,RS,Sul,1,4305173,11486,8
CEZARINA,GO,Centro-Oeste,1,5205455,8386,11
CHAPADA DO NORTE,MG,Sudeste,1,3116100,15675,6
CHARQUEADA,SP,Sudeste,1,3511706,16772,5
CHIADOR,MG,Sudeste,1,3116209,2789,35
CHIAPETTA,RS,Sul,2,4305405,4026,49
CHOROZINHO,CE,Nordeste,1,2303956,19197,5
CHORÓ,CE,Nordeste,1,2303931,13384,7
CHUÍ,RS,Sul,2,4305439,6456,30
CIDREIRA,RS,Sul,1,4305454,14710,6
CIRÍACO,RS,Sul,1,4305504,4983,20
CLEMENTINA,SP,Sudeste,1,3511904,8254,12
CLÁUDIO,MG,Sudeste,2,3116605,28287,7
COARACI,BA,Nordeste,1,2908002,19022,5
COARI,AM,Norte,1,1301209,84762,1
COCAL DO SUL,SC,Sul,2,4204251,16446,12
COCALZINHO DE GOIÁS,GO,Centro-Oeste,1,5205513,19583,5
COELHO NETO,MA,Nordeste,2,2103406,48756,4
COIMBRA,MG,Sudeste,1,3116704,7559,13
COLINAS DO TOCANTINS,TO,Norte,1,1705508,34839,2
COLOMBO,PR,Sul,2,4105805,237402,0
COLORADO,RS,Sul,1,4305603,3478,28
COLUNA,MG,Sudeste,1,3116803,9146,10
COMENDADOR GOMES,MG,Sudeste,1,3116902,3138,31
COMERCINHO,MG,Sudeste,1,3117009,7599,13
COMODORO,MT,Centro-Oeste,2,5103304,19932,10
CONCEIÇÃO DA APARECIDA,MG,Sudeste,1,3117108,10374,9
CONCEIÇÃO DA BARRA,ES,Sudeste,2,3201605,31574,6
CONCEIÇÃO DAS ALAGOAS,MG,Sudeste,1,3117306,26818,3
CONCEIÇÃO DAS PEDRAS,MG,Sudeste,1,3117207,2858,34
CONCEIÇÃO DE IPANEMA,MG,Sudeste,1,3117405,4644,21
CONCEIÇÃO DO ARAGUAIA,PA,Norte,2,1502707,46571,4
CONCEIÇÃO DO CASTELO,ES,Sudeste,1,3201704,12944,7
CONCEIÇÃO DO JACUÍPE,BA,Nordeste,1,2908507,33876,2
CONCEIÇÃO DO RIO VERDE,MG,Sudeste,1,3117702,13724,7
CONCEIÇÃO DOS OUROS,MG,Sudeste,1,3117801,11467,8
CONCHAL,SP,Sudeste,2,3512209,27554,7
CONDADO,PB,Nordeste,1,2504504,6753,14
CONDEÚBA,BA,Nordeste,2,2908705,18191,10
CONGONHAL,MG,Sudeste,1,3117900,11706,8
CONSELHEIRO PENA,MG,Sudeste,2,3118403,23240,8
COQUEIRAL,MG,Sudeste,1,3118700,9432,10
CORAÇÃO DE JESUS,MG,Sudeste,1,3118809,27052,3
CORBÉLIA,PR,Sul,2,4106308,17193,11
CORDEIROS,BA,Nordeste,1,2909000,8904,11
CORDEIRÓPOLIS,SP,Sudeste,2,3512407,23793,8
CORDISLÂNDIA,MG,Sudeste,1,3119005,3587,27
COROACI,MG,Sudeste,1,3119203,10339,9
CORONEL JOÃO PESSOA,RN,Nordeste,1,2402907,4980,20
CORONEL MURTA,MG,Sudeste,1,3119500,9411,10
CORONEL PACHECO,MG,Sudeste,1,3119609,3125,32
CORONEL SAPUCAIA,MS,Centro-Oeste,1,5003157,15016,6
CORREIA PINTO,SC,Sul,1,4204558,13358,7
CORTÊS,PE,Nordeste,1,2604809,12560,7
CORUMBÁ DE GOIÁS,GO,Centro-Oeste,1,5205802,11086,9
CORUPÁ,SC,Sul,1,4204509,15541,6
CORURIPE,AL,Nordeste,2,2702306,57498,3
COSMORAMA,SP,Sudeste,1,3512902,7374,13
CRAVINHOS,SP,Sudeste,2,3513108,34651,5
CRISSIUMAL,RS,Sul,2,4306007,14195,14
CRISTALINA,GO,Centro-Oeste,2,5206206,55347,3
CRISTALÂNDIA,TO,Norte,2,1706100,7374,27
CRISTINA,MG,Sudeste,1,3120508,10482,9
CROATÁ,CE,Nordeste,1,2304236,17874,5
CRUZ MACHADO,PR,Sul,1,4106803,18907,5
CRUZÍLIA,MG,Sudeste,1,3120805,15497,6
CUBATI,PB,Nordeste,1,2505006,7274,13
CUITÉ,PB,Nordeste,1,2505105,20348,4
CUNHA,SP,Sudeste,1,3513603,21929,4
CUPARAQUE,MG,Sudeste,1,3120839,4995,20
CUPIRA,PE,Nordeste,2,2605004,23977,8
CURIMATÁ,PI,Nordeste,1,2203206,11190,8
CURUÇÁ,PA,Norte,1,1502905,38959,2
CÁSSIA,MG,Sudeste,2,3115102,18057,11
CÂNDIDO DE ABREU,PR,Sul,2,4104402,16059,12
CÂNDIDO SALES,BA,Nordeste,1,2906709,26674,3
CÉU AZUL,PR,Sul,1,4105300,11764,8
CÍCERO DANTAS,BA,Nordeste,1,2907806,34676,2
CÓRREGO DANTA,MG,Sudeste,2,3119807,3359,59
CÓRREGO DO BOM JESUS,MG,Sudeste,1,3119906,3804,26
CÓRREGO NOVO,MG,Sudeste,1,3120003,2970,33
DATAS,MG,Sudeste,1,3121001,5471,18
DELFIM MOREIRA,MG,Sudeste,1,3121100,8205,12
DELFINÓPOLIS,MG,Sudeste,1,3121209,7186,13
DELMIRO GOUVEIA,AL,Nordeste,1,2702405,52597,1
DEMERVAL LOBÃO,PI,Nordeste,1,2203305,13595,7
DENISE,MT,Centro-Oeste,1,5103452,9115,10
DEODÁPOLIS,MS,Centro-Oeste,1,5003454,12773,7
DESCOBERTO,MG,Sudeste,1,3121308,5047,19
DESTERRO DE ENTRE RIOS,MG,Sudeste,1,3121407,7334,13
DESTERRO DO MELO,MG,Sudeste,1,3121506,3015,33
DIANÓPOLIS,TO,Norte,1,1707009,21738,4
DIOGO DE VASCONCELOS,MG,Sudeste,1,3121704,3913,25
DIONÍSIO,MG,Sudeste,2,3121803,8287,24
DIORAMA,GO,Centro-Oeste,1,5207105,2547,39
DIVINO DAS LARANJEIRAS,MG,Sudeste,1,3122108,5086,19
DIVINOLÂNDIA,SP,Sudeste,1,3513900,11384,8
DIVINOLÂNDIA DE MINAS,MG,Sudeste,1,3122207,7559,13
DIVINÉSIA,MG,Sudeste,1,3121902,3455,28
DOIS IRMÃOS,RS,Sul,1,4306403,30753,3
DOIS RIACHOS,AL,Nordeste,1,2702504,11214,8
DOM ELISEU,PA,Norte,1,1502939,58071,1
DOM FELICIANO,RS,Sul,1,4306502,15279,6
DOM JOAQUIM,MG,Sudeste,1,3122603,4602,21
DOM PEDRO,MA,Nordeste,1,2103802,22912,4
DOM SILVÉRIO,MG,Sudeste,1,3122702,5351,18
DOM VIÇOSO,MG,Sudeste,1,3122801,3072,32
DONA EMMA,SC,Sul,1,4205100,4081,24
DONA INÊS,PB,Nordeste,1,2505709,10383,9
DORES DE CAMPOS,MG,Sudeste,1,3123007,10093,9
DORES DE GUANHÃES,MG,Sudeste,1,3123106,5316,18
DORES DO RIO PRETO,ES,Sudeste,1,3202009,6949,14
DORES DO TURVO,MG,Sudeste,1,3123304,4437,22
DOURADO,SP,Sudeste,2,3514304,8909,22
DOURADOQUARA,MG,Sudeste,1,3123502,1930,51
DOUTOR MAURÍCIO CARDOSO,RS,Sul,1,4306734,5110,19
DOUTOR PEDRINHO,SC,Sul,1,4205159,4043,24
DOUTOR SEVERIANO,RN,Nordeste,1,2403202,7190,13
DOVERLÂNDIA,GO,Centro-Oeste,1,5207253,7750,12
DUARTINA,SP,Sudeste,2,3514502,12549,15
DUAS BARRAS,RJ,Sudeste,2,3301603,11169,17
DÁRIO MEIRA,BA,Nordeste,1,2910008,11716,8
ECOPORANGA,ES,Sudeste,2,3202108,24217,8
EDEALINA,GO,Centro-Oeste,1,5207352,3809,26
EDÉIA,GO,Centro-Oeste,2,5207402,12231,16
ELDORADO,SP,Sudeste,1,3514809,15436,6
ELDORADO DO SUL,RS,Sul,2,4306767,38581,5
ELIAS FAUSTO,SP,Sudeste,1,3514908,17393,5
ELÓI MENDES,MG,Sudeste,2,3123601,27730,7
EMBU DAS ARTES,SP,Sudeste,2,3515004,267054,0
EMBU-GUAÇU,SP,Sudeste,1,3515103,68270,1
ENCRUZILHADA,BA,Nordeste,1,2910404,19376,5
ENGENHEIRO CALDAS,MG,Sudeste,1,3123700,11098,9
ENGENHEIRO COELHO,SP,Sudeste,1,3515152,19497,5
ENGENHEIRO NAVARRO,MG,Sudeste,1,3123809,7377,13
ENTRE RIOS,BA,Nordeste,2,2910503,43223,4
ENTRE RIOS DE MINAS,MG,Sudeste,2,3123908,15292,13
EREBANGO,RS,Sul,1,4306973,3066,32
ERVAL GRANDE,RS,Sul,1,4307203,5170,19
ERVAL VELHO,SC,Sul,1,4205209,4480,22
ERVÁLIA,MG,Sudeste,2,3124005,19015,10
ESMERALDA,RS,Sul,1,4307401,3313,30
ESPERA FELIZ,MG,Sudeste,2,3124203,24805,8
ESPERANTINA,PI,Nordeste,2,2203701,39078,5
ESPERANTINÓPOLIS,MA,Nordeste,2,2104008,16653,12
ESPERANÇA,PB,Nordeste,2,2506004,33266,6
ESPINOSA,MG,Sudeste,2,3124302,32214,6
ESPLANADA,BA,Nordeste,2,2910602,37845,5
ESPÍRITO SANTO DO DOURADO,MG,Sudeste,1,3124401,4712,21
ESTAÇÃO,RS,Sul,2,4307559,6161,32
ESTEIO,RS,Sul,2,4307708,84237,2
ESTRELA D'OESTE,SP,Sudeste,1,3515202,8466,11
ESTRELA DALVA,MG,Sudeste,1,3124609,2448,40
ESTRELA DO SUL,MG,Sudeste,1,3124807,7981,12
EWBANK DA CÂMARA,MG,Sudeste,1,3125002,3952,25
FAGUNDES VARELA,RS,Sul,1,4307864,2724,36
FARIA LEMOS,MG,Sudeste,1,3125309,3371,29
FAXINAL,PR,Sul,2,4107603,17306,11
FAXINAL DOS GUEDES,SC,Sul,1,4205308,10745,9
FAZENDA NOVA,GO,Centro-Oeste,1,5207600,6070,16
FELISBURGO,MG,Sudeste,1,3125606,7431,13
FELIXLÂNDIA,MG,Sudeste,1,3125705,15273,6
FELIZ,RS,Sul,1,4308102,13273,7
FELIZ DESERTO,AL,Nordeste,1,2702702,4806,20
FELÍCIO DOS SANTOS,MG,Sudeste,1,3125408,5012,19
FERNANDES TOURINHO,MG,Sudeste,1,3125804,3369,29
FERNANDO DE NORONHA,PE,Nordeste,1,2605459,3016,33
FERNANDO PRESTES,SP,Sudeste,1,3515608,5782,17
FERRAZ DE VASCONCELOS,SP,Sudeste,2,3515707,188868,1
FERREIRA GOMES,AP,Norte,1,1600238,7270,13
FLORESTA,PE,Nordeste,1,2605707,32483,3
FLORESTÓPOLIS,PR,Sul,1,4108007,11087,9
FONTE BOA,AM,Norte,1,1301605,19669,5
FORMOSA DO OESTE,PR,Sul,2,4108205,7133,28
FORMOSO,GO,Centro-Oeste,1,5208103,4623,21
FORQUILHA,CE,Nordeste,1,2304350,24047,4
FRANCISCO BADARÓ,MG,Sudeste,1,3126505,10557,9
FRANCISCO SÁ,MG,Sudeste,1,3126703,26428,3
FRANCO DA ROCHA,SP,Sudeste,2,3516408,149502,1
FREI GASPAR,MG,Sudeste,1,3126802,6024,16
FREI INOCÊNCIO,MG,Sudeste,1,3126901,9597,10
FREI PAULO,SE,Nordeste,1,2802304,15349,6
FRONTEIRA,MG,Sudeste,1,3127008,17072,5
FRUTUOSO GOMES,RN,Nordeste,1,2404002,4180,23
FUNDÃO,ES,Sudeste,1,3202207,20757,4
GALILÉIA,MG,Sudeste,1,3127305,7034,14
GALVÃO,SC,Sul,1,4205605,3058,32
GARARU,SE,Nordeste,1,2802403,11736,8
GAROPABA,SC,Sul,1,4205704,22082,4
GARUVA,SC,Sul,1,4205803,17479,5
GENERAL CARNEIRO,PR,Sul,2,4108502,14038,14
GENERAL SALGADO,SP,Sudeste,1,3516903,10951,9
GLORINHA,RS,Sul,1,4309050,7654,13
GLÓRIA DE DOURADOS,MS,Centro-Oeste,1,5004007,9960,10
GOIANIRA,GO,Centro-Oeste,1,5208806,41169,2
GOIOXIM,PR,Sul,1,4108650,7448,13
GONÇALVES,MG,Sudeste,1,3127404,4410,22
GONÇALVES DIAS,MA,Nordeste,1,2104404,17586,5
GOUVEIA,MG,Sudeste,1,3127602,12064,8
GOUVELÂNDIA,GO,Centro-Oeste,1,5209150,5656,17
GOVERNADOR CELSO RAMOS,SC,Sul,1,4206009,14229,7
GOVERNADOR DIX-SEPT ROSADO,RN,Nordeste,1,2404309,13157,7
GOVERNADOR EUGÊNIO BARROS,MA,Nordeste,1,2104602,16582,6
GOVERNADOR JORGE TEIXEIRA,RO,Norte,1,1101005,9745,10
GRAJAÚ,MA,Nordeste,2,2104800,69232,2
GRAMADO XAVIER,RS,Sul,1,4309159,4251,23
GRANJA,CE,Nordeste,1,2304707,54365,1
GRAVATAL,SC,Sul,1,4206207,11394,8
GRAÇA ARANHA,MA,Nordeste,1,2104701,6134,16
GRUPIARA,MG,Sudeste,1,3127909,1418,70
GRÃO MOGOL,MG,Sudeste,1,3127800,15931,6
GRÃO PARÁ,SC,Sul,1,4206108,6537,15
GUABIJU,RS,Sul,1,4309258,1600,62
GUADALUPE,PI,Nordeste,1,2204501,10335,9
GUAMIRANGA,PR,Sul,1,4108957,8619,11
GUAPIARA,SP,Sudeste,1,3517604,17640,5
GUAPÉ,MG,Sudeste,1,3128105,14460,6
GUARACIABA,MG,Sudeste,1,3128204,10542,9
GUARACIABA,SC,Sul,2,4206405,10259,19
GUARACIABA DO NORTE,CE,Nordeste,2,2305001,39445,5
GUARAMIRIM,SC,Sul,1,4206504,42872,2
GUARANI,MG,Sudeste,2,3128402,9047,22
GUARARÁ,MG,Sudeste,1,3128501,3938,25
GUARATINGA,BA,Nordeste,1,2911808,22154,4
GUARAÍ,TO,Norte,2,1709302,25642,7
GUARDA-MOR,MG,Sudeste,1,3128600,6736,14
GUAREÍ,SP,Sudeste,1,3518503,17551,5
GUARUJÁ DO SUL,SC,Sul,1,4206603,5139,19
GUARÁ,SP,Sudeste,1,3517703,21081,4
GUIDOVAL,MG,Sudeste,1,3128808,7300,13
GUIRATINGA,MT,Centro-Oeste,2,5104203,14615,13
GUIRICEMA,MG,Sudeste,1,3129004,8714,11
GÁLIA,SP,Sudeste,2,3516606,6776,29
HEITORAÍ,GO,Centro-Oeste,1,5209606,3757,26
HELIODORA,MG,Sudeste,1,3129202,6561,15
HERVAL,RS,Sul,2,4307104,6980,28
HIDROLINA,GO,Centro-Oeste,1,5209804,3852,25
HIDROLÂNDIA,CE,Nordeste,2,2305209,20215,9
HOLAMBRA,SP,Sudeste,2,3519055,14012,14
HULHA NEGRA,RS,Sul,1,4309654,6561,15
HUMAITÁ,AM,Norte,2,1301704,53383,3
HUMAITÁ,RS,Sul,2,4309704,4988,40
IACANGA,SP,Sudeste,1,3519105,11343,8
IAPU,MG,Sudeste,1,3129301,10962,9
IBAITI,PR,Sul,2,4109708,31095,6
IBATÉ,SP,Sudeste,2,3519303,34226,5
IBERTIOGA,MG,Sudeste,1,3129400,5150,19
IBIAÇÁ,RS,Sul,2,4309803,4846,41
IBICARAÍ,BA,Nordeste,1,2912103,23529,4
IBICARÉ,SC,Sul,1,4206801,3268,30
IBICUITINGA,CE,Nordeste,1,2305332,12350,8
IBICUÍ,BA,Nordeste,1,2912301,16796,5
IBIQUERA,BA,Nordeste,1,2912608,4214,23
IBIRACI,MG,Sudeste,1,3129707,13575,7
IBIRAIARAS,RS,Sul,1,4309902,7458,13
IBIRAPITANGA,BA,Nordeste,2,2912707,24293,8
IBIRATAIA,BA,Nordeste,1,2912905,17221,5
IBIRAÇU,ES,Sudeste,1,3202504,12581,7
IBIRITÉ,MG,Sudeste,1,3129806,177475,0
IBIRÁ,SP,Sudeste,1,3519402,12096,8
IBITIARA,BA,Nordeste,1,2913002,16855,5
IBITITÁ,BA,Nordeste,1,2913101,17948,5
IBITIÚRA DE MINAS,MG,Sudeste,1,3129905,3536,28
ICAPUÍ,CE,Nordeste,1,2305357,19685,5
ICONHA,ES,Sudeste,1,3202603,14016,7
ICÓ,CE,Nordeste,2,2305407,67486,2
IGAPORÃ,BA,Nordeste,1,2913408,16283,6
IGARAPÉ,MG,Sudeste,1,3130101,41127,2
IGARATÁ,SP,Sudeste,1,3520202,9443,10
IGUABA GRANDE,RJ,Sudeste,2,3301876,26936,7
IGUAPE,SP,Sudeste,2,3520301,30644,6
IGUATAMA,MG,Sudeste,1,3130309,8172,12
IGUATEMI,MS,Centro-Oeste,2,5004304,15838,12
IJACI,MG,Sudeste,1,3130408,6460,15
ILHABELA,SP,Sudeste,1,3520400,33354,2
ILICÍNEA,MG,Sudeste,2,3130507,12358,16
ILÓPOLIS,RS,Sul,1,4310306,4202,23
IMACULADA,PB,Nordeste,1,2506707,11833,8
IMARUÍ,SC,Sul,1,4207205,10571,9
IMBAÚ,PR,Sul,1,4110078,12697,7
IMBITUVA,PR,Sul,2,4110102,31719,6
IMBUIA,SC,Sul,1,4207403,6133,16
IMBÉ,RS,Sul,1,4310330,20578,4
INAJÁ,PR,Sul,1,4110300,3137,31
INDIARA,GO,Centro-Oeste,2,5209952,15213,13
INGÁ,PB,Nordeste,1,2506806,18163,5
INHAMBUPE,BA,Nordeste,1,2913705,40453,2
INHUMA,PI,Nordeste,1,2204709,15065,6
INIMUTABA,MG,Sudeste,1,3131109,7489,13
INÁCIO MARTINS,PR,Sul,1,4110201,11331,8
IPAMERI,GO,Centro-Oeste,2,5210109,26747,7
IPAUMIRIM,CE,Nordeste,1,2305704,12349,8
IPERÓ,SP,Sudeste,1,3521002,34913,2
IPIAÇU,MG,Sudeste,1,3131406,4285,23
IPIRA,SC,Sul,1,4207601,4562,21
IPIRANGA,PR,Sul,1,4110508,15139,6
IPIXUNA DO PARÁ,PA,Norte,1,1503457,62237,1
IPORÃ,PR,Sul,2,4110607,14704,13
IPORÃ DO OESTE,SC,Sul,1,4207650,8930,11
IPUBI,PE,Nordeste,1,2607307,30447,3
IPUEIRAS,CE,Nordeste,2,2305902,37896,5
IPUIÚNA,MG,Sudeste,2,3131505,10125,19
IPUMIRIM,SC,Sul,1,4207700,7561,13
IPÊ,RS,Sul,1,4310439,6482,15
IRANI,SC,Sul,1,4207809,10285,9
IRAPUÃ,SP,Sudeste,1,3521507,7878,12
IRAUÇUBA,CE,Nordeste,1,2306108,23858,4
IRAÍ,RS,Sul,2,4310504,7921,25
IRAÍ DE MINAS,MG,Sudeste,1,3131604,6969,14
ITABAIANA,PB,Nordeste,2,2506905,24475,8
ITABELA,BA,Nordeste,1,2914653,31422,3
ITABERÁ,SP,Sudeste,2,3521705,17879,11
ITABIRINHA,MG,Sudeste,1,3131802,11498,8
ITABORAÍ,RJ,Sudeste,2,3301900,232394,0
ITACARAMBI,MG,Sudeste,1,3132107,18443,5
ITACOATIARA,AM,Norte,2,1301902,99854,2
ITAETÉ,BA,Nordeste,1,2915007,16586,6
ITAGI,BA,Nordeste,1,2915106,13199,7
ITAGIMIRIM,BA,Nordeste,1,2915304,7291,13
ITAGUARA,MG,Sudeste,2,3132206,13329,15
ITAIPULÂNDIA,PR,Sul,1,4110953,10587,9
ITAIPÉ,MG,Sudeste,1,3132305,12725,7
ITAJOBI,SP,Sudeste,2,3521903,15246,13
ITAJU,SP,Sudeste,1,3522000,3703,27
ITAJU DO COLÔNIA,BA,Nordeste,1,2915403,7218,13
ITAJUÍPE,BA,Nordeste,1,2915502,21642,4
ITAJÁ,GO,Centro-Oeste,1,5210802,4876,20
ITAMARANDIBA,MG,Sudeste,1,3132503,34661,2
ITAMARATI DE MINAS,MG,Sudeste,1,3132602,4362,22
ITAMARI,BA,Nordeste,1,2915700,8476,11
ITAMBACURI,MG,Sudeste,2,3132701,23637,8
ITAMBÉ,BA,Nordeste,2,2915809,24901,8
ITAMBÉ DO MATO DENTRO,MG,Sudeste,1,3132800,2207,45
ITAMONTE,MG,Sudeste,1,3133006,15391,6
ITANHANDU,MG,Sudeste,1,3133105,15290,6
ITANHOMI,MG,Sudeste,1,3133204,12394,8
ITAOBIM,MG,Sudeste,2,3133303,21559,9
ITAPAGIPE,MG,Sudeste,2,3133402,15041,13
ITAPAJÉ,CE,Nordeste,1,2306306,51945,1
ITAPEBI,BA,Nordeste,1,2916302,10830,9
ITAPECURU MIRIM,MA,Nordeste,2,2105401,67726,2
ITAPEJARA D'OESTE,PR,Sul,1,4111209,11685,8
ITAPEMIRIM,ES,Sudeste,1,3202801,34628,2
ITAPICURU,BA,Nordeste,1,2916500,36211,2
ITAPIRAPUÃ,GO,Centro-Oeste,2,5211008,6312,31
ITAPIÚNA,CE,Nordeste,1,2306504,20014,4
ITAPORÃ,MS,Centro-Oeste,1,5004502,23539,4
ITAPOÁ,SC,Sul,1,4208450,19355,5
ITAPUÃ DO OESTE,RO,Norte,2,1101104,10310,19
ITAPUÍ,SP,Sudeste,1,3522901,13618,7
ITAQUARA,BA,Nordeste,1,2916708,8592,11
ITAQUIRAÍ,MS,Centro-Oeste,2,5004601,20637,9
ITARANA,ES,Sudeste,1,3202900,11231,8
ITARANTIM,BA,Nordeste,2,2916807,20314,9
ITARIRI,SP,Sudeste,1,3523305,17062,5
ITATIAIA,RJ,Sudeste,1,3302254,30703,3
ITATIBA DO SUL,RS,Sul,1,4310702,3896,25
ITATINGA,SP,Sudeste,2,3523503,20158,9
ITAVERAVA,MG,Sudeste,1,3133907,5690,17
ITAÚ,RN,Nordeste,1,2404903,5930,16
ITINGA,MG,Sudeste,1,3134004,15147,6
ITIRUÇU,BA,Nordeste,1,2916906,13254,7
ITORORÓ,BA,Nordeste,1,2917102,21241,4
ITUAÇU,BA,Nordeste,2,2917201,19577,10
ITUBERÁ,BA,Nordeste,2,2917300,29428,6
ITUETA,MG,Sudeste,1,3134103,6120,16
ITUMIRIM,MG,Sudeste,1,3134301,6213,16
ITUPEVA,SP,Sudeste,2,3524006,57031,3
ITÁ,SC,Sul,2,4208005,6275,31
IUIÚ,BA,Nordeste,1,2917334,11399,8
JABORÁ,SC,Sul,1,4208609,3990,25
JACARACI,BA,Nordeste,1,2917409,15459,6
JACARÉ DOS HOMENS,AL,Nordeste,1,2703403,5356,18
JACUPIRANGA,SP,Sudeste,2,3524600,17900,11
JACUTINGA,RS,Sul,1,4310900,3704,26
JAGUAQUARA,BA,Nordeste,2,2917607,56033,3
JAGUARARI,BA,Nordeste,2,2917706,34499,5
JAGUARIAÍVA,PR,Sul,2,4112009,34822,5
JAICÓS,PI,Nordeste,1,2205201,18782,5
JAMBEIRO,SP,Sudeste,1,3524907,6305,15
JANDAIA,GO,Centro-Oeste,1,5211701,6254,15
JAPERI,RJ,Sudeste,1,3302270,101237,0
JARDIM,CE,Nordeste,1,2307106,27076,3
JARDIM DO SERIDÓ,RN,Nordeste,1,2405702,12579,7
JARI,RS,Sul,1,4311130,3645,27
JATEÍ,MS,Centro-Oeste,1,5005103,4025,24
JAURU,MT,Centro-Oeste,2,5105002,8776,22
JEQUERI,MG,Sudeste,1,3135506,12859,7
JEQUITAÍ,MG,Sudeste,2,3135605,7890,25
JEQUITINHONHA,MG,Sudeste,2,3135803,25560,7
JEREMOABO,BA,Nordeste,1,2918100,41605,2
JERÔNIMO MONTEIRO,ES,Sudeste,1,3203106,12036,8
JESUÂNIA,MG,Sudeste,1,3135902,4898,20
JESUÍTAS,PR,Sul,1,4112751,8861,11
JIQUIRIÇÁ,BA,Nordeste,2,2918209,15106,13
JOAQUIM TÁVORA,PR,Sul,2,4112801,11731,17
JOAÍMA,MG,Sudeste,2,3136009,15634,12
JOSELÂNDIA,MA,Nordeste,1,2105609,15891,6
JOSÉ BOITEUX,SC,Sul,1,4209151,4887,20
JOÃO LISBOA,MA,Nordeste,2,2105500,23042,8
JUARA,MT,Centro-Oeste,2,5105101,33851,5
JUATUBA,MG,Sudeste,2,3136652,25874,7
JUAZEIRINHO,PB,Nordeste,1,2507705,18213,5
JUCÁS,CE,Nordeste,1,2307403,24597,4
JUNCO DO SERIDÓ,PB,Nordeste,1,2507804,7165,13
JUNQUEIRO,AL,Nordeste,1,2704005,25093,3
JUNQUEIRÓPOLIS,SP,Sudeste,1,3526001,20353,4
JUQUITIBA,SP,Sudeste,1,3526209,31027,3
JUQUIÁ,SP,Sudeste,1,3526100,19192,5
JURAMENTO,MG,Sudeste,1,3136801,4358,22
JURANDA,PR,Sul,1,4112959,7650,13
JURUAIA,MG,Sudeste,1,3136900,10341,9
LACERDÓPOLIS,SC,Sul,1,4209201,2251,44
LADAINHA,MG,Sudeste,1,3137007,18152,5
LAGAMAR,MG,Sudeste,1,3137106,7795,12
LAGO DO JUNCO,MA,Nordeste,1,2105807,10672,9
LAGOA DE VELHOS,RN,Nordeste,1,2406403,2771,36
LAGOA DOS GATOS,PE,Nordeste,1,2608701,16218,6
LAGOA FORMOSA,MG,Sudeste,1,3137502,18175,5
LAGOA SANTA,MG,Sudeste,2,3137601,61752,3
LAGOINHA,SP,Sudeste,1,3526308,4943,20
LAJE,BA,Nordeste,1,2918803,24306,4
LAJINHA,MG,Sudeste,1,3137700,20301,4
LAMIM,MG,Sudeste,1,3137908,3498,28
LARANJAL,MG,Sudeste,1,3138005,6852,14
LARANJAL DO JARI,AP,Norte,2,1600279,47554,4
LAURENTINO,SC,Sul,1,4209508,6790,14
LAVRAS DA MANGABEIRA,CE,Nordeste,2,2307502,31335,6
LAVRINHAS,SP,Sudeste,1,3526605,7150,13
LEBON RÉGIS,SC,Sul,1,4209706,12133,8
LENÇÓIS,BA,Nordeste,1,2919306,11636,8
LEOBERTO LEAL,SC,Sul,1,4209805,3140,31
LIBERATO SALZANO,RS,Sul,1,4311601,5686,17
LICÍNIO DE ALMEIDA,BA,Nordeste,1,2919405,12969,7
LIMA CAMPOS,MA,Nordeste,1,2106003,11695,8
LIMA DUARTE,MG,Sudeste,2,3138609,16910,11
LIMOEIRO,PE,Nordeste,2,2608909,56140,3
LIMOEIRO DO NORTE,CE,Nordeste,2,2307601,58915,3
LINDÓIA,SP,Sudeste,1,3527009,7695,12
LIVRAMENTO,PB,Nordeste,1,2508505,7386,13
LIVRAMENTO DE NOSSA SENHORA,BA,Nordeste,2,2919504,46739,4
LONTRAS,SC,Sul,2,4209904,11774,16
LOUVEIRA,SP,Sudeste,1,3527306,45922,2
LUCIANÓPOLIS,SP,Sudeste,1,3527504,2381,41
LUCÉLIA,SP,Sudeste,2,3527405,21461,9
LUPIONÓPOLIS,PR,Sul,1,4113809,4911,20
LUZILÂNDIA,PI,Nordeste,2,2205805,25082,7
LUÍS CORREIA,PI,Nordeste,1,2205706,29792,3
MACAJUBA,BA,Nordeste,1,2919603,11879,8
MACAPARANA,PE,Nordeste,1,2609006,25214,3
MACARANI,BA,Nordeste,2,2919702,19110,10
MACATUBA,SP,Sudeste,2,3528007,17111,11
MACAU,RN,Nordeste,1,2407203,31859,3
MACAÍBA,RN,Nordeste,1,2407104,80031,1
MACAÚBAS,BA,Nordeste,2,2919801,50987,3
MACHADINHO D'OESTE,RO,Norte,1,1100130,38609,2
MADRE DE DEUS DE MINAS,MG,Sudeste,1,3139102,5153,19
MAGALHÃES DE ALMEIDA,MA,Nordeste,1,2106300,19779,5
MAIRI,BA,Nordeste,1,2920106,19695,5
MAIRINQUE,SP,Sudeste,1,3528403,46567,2
MAJOR GERCINO,SC,Sul,1,4210209,3429,29
MAJOR VIEIRA,SC,Sul,2,4210308,8015,24
MALACACHETA,MG,Sudeste,2,3139201,19157,10
MALLET,PR,Sul,2,4113908,13738,14
MALTA,PB,Nordeste,1,2508802,5665,17
MAMANGUAPE,PB,Nordeste,2,2508901,45005,4
MAMBORÊ,PR,Sul,1,4114005,13798,7
MANACAPURU,AM,Norte,2,1302504,96460,2
MANDURI,SP,Sudeste,1,3528601,9714,10
MANGA,MG,Sudeste,2,3139300,19372,10
MANICORÉ,AM,Norte,1,1302702,54708,1
MANOEL VIANA,RS,Sul,1,4311759,7383,13
MANOEL VITORINO,BA,Nordeste,1,2920403,14251,7
MAR DE ESPANHA,MG,Sudeste,1,3139805,12743,7
MARA ROSA,GO,Centro-Oeste,1,5212808,10228,9
MARABÁ PAULISTA,SP,Sudeste,1,3528700,5611,17
MARACANÃ,PA,Norte,1,1504307,28679,3
MARACAÍ,SP,Sudeste,1,3528809,13981,7
MARACÁS,BA,Nordeste,1,2920502,23018,4
MARAGOGI,AL,Nordeste,1,2704500,32940,3
MARATAÍZES,ES,Sudeste,2,3203320,38670,5
MARCELINO RAMOS,RS,Sul,2,4311908,4941,40
MARCELÂNDIA,MT,Centro-Oeste,1,5105580,10422,9
MARECHAL DEODORO,AL,Nordeste,1,2704708,52260,1
MARIA DA FÉ,MG,Sudeste,1,3139904,14488,6
MARIALVA,PR,Sul,2,4114807,34955,5
MARIANO MORO,RS,Sul,1,4312005,2190,45
MARIBONDO,AL,Nordeste,1,2704807,13514,7
MARILAC,MG,Sudeste,1,3140100,4254,23
MARIPÁ DE MINAS,MG,Sudeste,1,3140209,2979,33
MARIZÓPOLIS,PB,Nordeste,1,2509156,6614,15
MARLIÉRIA,MG,Sudeste,1,3140308,4129,24
MARMELEIRO,PR,Sul,1,4115408,14539,6
MARTINHO CAMPOS,MG,Sudeste,1,3140506,13436,7
MARTINS,RN,Nordeste,1,2407401,8793,11
MASSAPÊ,CE,Nordeste,2,2308005,38210,5
MATA DE SÃO JOÃO,BA,Nordeste,1,2921005,46998,2
MATA GRANDE,AL,Nordeste,1,2705002,25589,3
MATA ROMA,MA,Nordeste,1,2106409,16745,5
MATARACA,PB,Nordeste,1,2509305,8466,11
MATELÂNDIA,PR,Sul,2,4115606,17640,11
MATERLÂNDIA,MG,Sudeste,1,3140605,4619,21
MATEUS LEME,MG,Sudeste,1,3140704,30678,3
MATINHA,MA,Nordeste,1,2106508,23091,4
MATINHOS,PR,Sul,1,4115705,33450,2
MATIPÓ,MG,Sudeste,1,3140902,18914,5
MATO VERDE,MG,Sudeste,2,3141009,12849,15
MATOS COSTA,SC,Sul,1,4210704,2614,38
MATOZINHOS,MG,Sudeste,1,3141108,37344,2
MATRIZ DE CAMARAGIBE,AL,Nordeste,1,2705101,25012,3
MATUTINA,MG,Sudeste,1,3141207,3846,26
MAURILÂNDIA,GO,Centro-Oeste,1,5213004,13379,7
MAUÉS,AM,Norte,2,1302900,62212,3
MAXIMILIANO DE ALMEIDA,RS,Sul,1,4312203,4804,20
MAÇAMBARÁ,RS,Sul,2,4311718,4804,41
MEDEIROS,MG,Sudeste,1,3141306,3765,26
MEDEIROS NETO,BA,Nordeste,2,2921104,23586,8
MEDINA,MG,Sudeste,1,3141405,21409,4
MENDES,RJ,Sudeste,1,3302809,18123,5
MENDES PIMENTEL,MG,Sudeste,1,3141504,6564,15
MERCÊS,MG,Sudeste,1,3141603,10868,9
MESQUITA,MG,Sudeste,1,3141702,5911,16
MIGUEL ALVES,PI,Nordeste,1,2206209,33209,3
MIGUEL CALMON,BA,Nordeste,2,2921203,27520,7
MIGUELÓPOLIS,SP,Sudeste,1,3529708,21973,4
MILAGRES,BA,Nordeste,1,2921302,11585,8
MIMOSO DO SUL,ES,Sudeste,1,3203403,27388,3
MINAS NOVAS,MG,Sudeste,2,3141801,32009,6
MINDURI,MG,Sudeste,2,3141900,3970,50
MIRACATU,SP,Sudeste,1,3529906,20288,4
MIRACEMA DO TOCANTINS,TO,Norte,2,1713205,19055,10
MIRADOR,MA,Nordeste,1,2106706,20613,4
MIRADOURO,MG,Sudeste,1,3142106,10837,9
MIRAGUAÍ,RS,Sul,1,4312302,4975,20
MIRANDIBA,PE,Nordeste,1,2609303,15270,6
MIRANDÓPOLIS,SP,Sudeste,2,3530102,29315,6
MIRANGABA,BA,Nordeste,1,2921401,18729,5
MIRANTE DA SERRA,RO,Norte,1,1101302,12258,8
MIRANTE DO PARANAPANEMA,SP,Sudeste,1,3530201,18130,5
MIRASSOL D'OESTE,MT,Centro-Oeste,1,5105622,26768,3
MIRAÍ,MG,Sudeste,2,3142205,14946,13
MOCAJUBA,PA,Norte,1,1504604,30277,3
MODELO,SC,Sul,2,4210902,4192,47
MOEDA,MG,Sudeste,1,3142304,4957,20
MOEMA,MG,Sudeste,1,3142403,7525,13
MOIPORÁ,GO,Centro-Oeste,1,5213400,1666,60
MONDAÍ,SC,Sul,2,4211009,11496,17
MONGAGUÁ,SP,Sudeste,2,3531100,54257,3
MONSENHOR PAULO,MG,Sudeste,1,3142601,8711,11
MONSENHOR TABOSA,CE,Nordeste,1,2308609,17038,5
MONTALVÂNIA,MG,Sudeste,1,3142700,15603,6
MONTANHA,ES,Sudeste,2,3203502,19391,10
MONTANHAS,RN,Nordeste,1,2407708,11503,8
MONTE ALEGRE DE MINAS,MG,Sudeste,2,3142809,21095,9
MONTE ALEGRE DO SUL,SP,Sudeste,1,3531209,7871,12
MONTE APRAZÍVEL,SP,Sudeste,2,3531407,24393,8
MONTE AZUL,MG,Sudeste,1,3142908,21783,4
MONTE BELO,MG,Sudeste,2,3143005,13453,14
MONTE CARLO,SC,Sul,1,4211058,9785,10
MONTE CASTELO,SC,Sul,1,4211108,8471,11
MONTE MOR,SP,Sudeste,1,3531803,57240,1
MONTE SANTO,BA,Nordeste,1,2921500,51953,1
MONTE SIÃO,MG,Sudeste,2,3143401,23444,8
MONTEIRO,PB,Nordeste,2,2509701,33294,6
MONTES CLAROS DE GOIÁS,GO,Centro-Oeste,1,5213707,8236,12
MONTIVIDIU,GO,Centro-Oeste,1,5213756,12566,7
MONÇÃO,MA,Nordeste,1,2106904,33156,3
MORADA NOVA,CE,Nordeste,2,2308708,61548,3
MORADA NOVA DE MINAS,MG,Sudeste,1,3143500,8860,11
MOREIRA SALES,PR,Sul,1,4116109,12621,7
MORRETES,PR,Sul,2,4116208,16540,12
MORRINHOS,CE,Nordeste,1,2308906,22222,4
MORRO DO PILAR,MG,Sudeste,1,3143708,3339,29
MORTUGABA,BA,Nordeste,1,2921807,12529,7
MOSSÂMEDES,GO,Centro-Oeste,1,5213905,4700,21
MOSTARDAS,RS,Sul,2,4312500,12794,15
MOZARLÂNDIA,GO,Centro-Oeste,1,5214002,15125,6
MUANÁ,PA,Norte,1,1504901,39231,2
MUCURI,BA,Nordeste,2,2922003,42072,4
MUNHOZ,MG,Sudeste,1,3143807,6261,15
MUNIZ FREIRE,ES,Sudeste,1,3203700,18745,5
MUQUI,ES,Sudeste,1,3203809,15806,6
MURICI,AL,Nordeste,1,2705507,28579,3
MURITIBA,BA,Nordeste,1,2922300,30631,3
MUTUM,MG,Sudeste,1,3144003,27528,3
MUTUÍPE,BA,Nordeste,1,2922409,22998,4
MÂNCIO LIMA,AC,Norte,1,1200336,17910,5
MÃE DO RIO,PA,Norte,1,1504059,29260,3
NATIVIDADE,RJ,Sudeste,2,3303104,14960,13
NATÉRCIA,MG,Sudeste,1,3144409,4820,20
NAZARENO,MG,Sudeste,1,3144508,8583,11
NAZARÉ,TO,Norte,1,1714302,4060,24
NAZARÉ DA MATA,PE,Nordeste,1,2609501,32280,3
NAZARÉ PAULISTA,SP,Sudeste,1,3532405,18121,5
NEVES PAULISTA,SP,Sudeste,1,3532504,8999,11
NEÓPOLIS,SE,Nordeste,1,2804409,18953,5
NHANDEARA,SP,Sudeste,1,3532603,11398,8
NILÓPOLIS,RJ,Sudeste,1,3303203,158329,0
NIOAQUE,MS,Centro-Oeste,2,5005806,14092,14
NOBRES,MT,Centro-Oeste,1,5105903,14917,6
NORTELÂNDIA,MT,Centro-Oeste,2,5106000,5895,33
NOSSA SENHORA DA GLÓRIA,SE,Nordeste,2,2804508,36613,5
NOVA ALVORADA DO SUL,MS,Centro-Oeste,2,5006002,20772,9
NOVA ARAÇÁ,RS,Sul,1,4312807,4471,22
NOVA BASSANO,RS,Sul,1,4312906,9599,10
NOVA BOA VISTA,RS,Sul,1,4312955,1932,51
NOVA CANTU,PR,Sul,1,4116802,6295,15
NOVA CRIXÁS,GO,Centro-Oeste,1,5214838,12810,7
NOVA ERECHIM,SC,Sul,1,4211405,4879,20
NOVA GLÓRIA,GO,Centro-Oeste,1,5214861,8521,11
NOVA GRANADA,SP,Sudeste,1,3533007,21071,4
NOVA ITARANA,BA,Nordeste,1,2922805,8428,11
NOVA LONDRINA,PR,Sul,2,4117107,13486,14
NOVA MAMORÉ,RO,Norte,1,1100338,28891,3
NOVA MÓDICA,MG,Sudeste,1,3144904,3757,26
NOVA ODESSA,SP,Sudeste,1,3533403,58227,1
NOVA OLINDA,CE,Nordeste,1,2309201,15433,6
NOVA OLÍMPIA,MT,Centro-Oeste,2,5106232,19465,10
NOVA PALMA,RS,Sul,1,4313102,6605,15
NOVA PONTE,MG,Sudeste,2,3145000,14934,13
NOVA PORTEIRINHA,MG,Sudeste,2,3145059,7648,26
NOVA SANTA RITA,RS,Sul,1,4313375,26450,3
NOVA SANTA ROSA,PR,Sul,1,4117222,8186,12
NOVA SOURE,BA,Nordeste,1,2922904,25460,3
NOVA TRENTO,SC,Sul,2,4211504,14099,14
NOVA VENEZA,SC,Sul,2,4211603,14837,13
NOVA VIÇOSA,BA,Nordeste,1,2923001,44052,2
NOVO CRUZEIRO,MG,Sudeste,1,3145307,31884,3
NOVO LINO,AL,Nordeste,1,2705606,12821,7
NOVO ORIENTE,CE,Nordeste,1,2309409,28353,3
NOVO REPARTIMENTO,PA,Norte,1,1505064,73802,1
OLINDINA,BA,Nordeste,1,2923100,29227,3
OLIVEIRA FORTES,MG,Sudeste,1,3145703,2182,45
OLÍMPIO NORONHA,MG,Sudeste,1,3145505,2763,36
ORIENTE,SP,Sudeste,1,3534104,6473,15
ORINDIÚVA,SP,Sudeste,1,3534203,6731,14
ORIZONA,GO,Centro-Oeste,1,5215306,15472,6
OROBÓ,PE,Nordeste,1,2609709,23768,4
ORTIGUEIRA,PR,Sul,2,4117305,23200,8
ORÓS,CE,Nordeste,2,2309508,21292,9
OURICURI,PE,Nordeste,1,2609907,68776,1
OURO,SC,Sul,1,4211801,7363,13
OURO VERDE DE MINAS,MG,Sudeste,1,3146206,6110,16
OURÉM,PA,Norte,1,1505403,17356,5
PACAEMBU,SP,Sudeste,1,3534906,14086,7
PACAJUS,CE,Nordeste,2,2309607,70911,2
PACATUBA,CE,Nordeste,1,2309706,82824,1
PACUJÁ,CE,Nordeste,1,2309904,6202,16
PADRE MARCOS,PI,Nordeste,1,2207207,6758,14
PADRE PARAÍSO,MG,Sudeste,1,3146305,20177,4
PAINEIRAS,MG,Sudeste,1,3146404,4650,21
PAINS,MG,Sudeste,1,3146503,8391,11
PAIVA,MG,Sudeste,1,3146602,1577,63
PALESTINA,SP,Sudeste,1,3535002,12542,7
PALESTINA DE GOIÁS,GO,Centro-Oeste,1,5215652,3514,28
PALMA,MG,Sudeste,1,3146701,6753,14
PALMA SOLA,SC,Sul,1,4212007,7558,13
PALMARES DO SUL,RS,Sul,2,4313656,11449,17
PALMAS,PR,Sul,2,4117602,48990,4
PALMAS DE MONTE ALTO,BA,Nordeste,1,2923407,22553,4
PALMEIRAS,BA,Nordeste,1,2923506,9250,10
PALMEIRAS DE GOIÁS,GO,Centro-Oeste,1,5215702,27304,3
PALMINÓPOLIS,GO,Centro-Oeste,1,5215900,3667,27
PALMITAL,PR,Sul,2,4117800,14189,14
PANCAS,ES,Sudeste,2,3204005,23697,8
PANORAMA,SP,Sudeste,1,3535408,15619,6
PANTANO GRANDE,RS,Sul,1,4313953,9845,10
PARACAMBI,RJ,Sudeste,1,3303609,50447,1
PARACURU,CE,Nordeste,2,2310209,33894,5
PARAIBANO,MA,Nordeste,1,2107704,21116,4
PARAIBUNA,SP,Sudeste,2,3535606,18206,10
PARAISÓPOLIS,MG,Sudeste,2,3147303,20983,9
PARAMBU,CE,Nordeste,1,2310308,31137,3
PARAMIRIM,BA,Nordeste,2,2923605,22286,8
PARANACITY,PR,Sul,1,4118105,11265,8
PARANAIGUARA,GO,Centro-Oeste,1,5216304,9919,10
PARANATINGA,MT,Centro-Oeste,2,5106307,21612,9
PARANHOS,MS,Centro-Oeste,2,5006358,13852,14
PARAOPEBA,MG,Sudeste,1,3147402,24427,4
PARAÍ,RS,Sul,2,4314001,7404,27
PARAÚNA,GO,Centro-Oeste,1,5216403,11221,8
PARELHAS,RN,Nordeste,1,2408904,21669,4
PARIPIRANGA,BA,Nordeste,1,2923803,30075,3
PARIQUERA-AÇU,SP,Sudeste,2,3536208,19537,10
PARNAMIRIM,PE,Nordeste,1,2610400,21383,4
PAROBÉ,RS,Sul,1,4314050,56277,1
PASSA TEMPO,MG,Sudeste,1,3147709,8324,12
PASSAGEM FRANCA,MA,Nordeste,1,2107902,18839,5
PASSO DE CAMARAGIBE,AL,Nordeste,1,2706505,15461,6
PASSO DE TORRES,SC,Sul,1,4212254,8370,11
PASSOS MAIA,SC,Sul,1,4212270,4243,23
PASTOS BONS,MA,Nordeste,2,2108009,19271,10
PATROCÍNIO DO MURIAÉ,MG,Sudeste,1,3148202,5680,17
PATROCÍNIO PAULISTA,SP,Sudeste,2,3536307,14351,13
PAU BRASIL,BA,Nordeste,1,2923902,10673,9
PAUDALHO,PE,Nordeste,1,2610608,55942,1
PAULA CÂNDIDO,MG,Sudeste,2,3148301,9698,20
PAULISTA,PE,Nordeste,1,2610707,328353,0
PAULISTANA,PI,Nordeste,2,2207801,20192,9
PAULISTAS,MG,Sudeste,1,3148400,4982,20
PAULO DE FARIA,SP,Sudeste,1,3536604,8953,11
PAULO FRONTIN,PR,Sul,1,4118709,7360,13
PAULO JACINTO,AL,Nordeste,1,2706604,7679,13
PAULO RAMOS,MA,Nordeste,1,2108108,20657,4
PAVÃO,MG,Sudeste,1,3148509,8709,11
PEDRA AZUL,MG,Sudeste,2,3148707,24748,8
PEDRA BRANCA,CE,Nordeste,1,2310506,42841,2
PEDRA DO ANTA,MG,Sudeste,1,3148806,3270,30
PEDRA DO INDAIÁ,MG,Sudeste,1,3148905,4034,24
PEDRA DOURADA,MG,Sudeste,1,3149002,2452,40
PEDRA PRETA,RN,Nordeste,1,2409605,2532,39
PEDRAS GRANDES,SC,Sul,1,4212403,4026,24
PEDREGULHO,SP,Sudeste,1,3537008,16645,6
PEDRINÓPOLIS,MG,Sudeste,1,3149200,3672,27
PEDRO AFONSO,TO,Norte,1,1716505,13288,7
PEDRO AVELINO,RN,Nordeste,2,2409704,6938,28
PEDRO DE TOLEDO,SP,Sudeste,1,3537206,11136,8
PEDRO GOMES,MS,Centro-Oeste,2,5006408,7683,26
PEDRO OSÓRIO,RS,Sul,2,4314209,7999,25
PEDRO VELHO,RN,Nordeste,1,2409803,14954,6
PEJUÇARA,RS,Sul,1,4314308,4043,24
PENHA,SC,Sul,1,4212502,31025,3
PENTECOSTE,CE,Nordeste,2,2310704,37077,5
PEQUERI,MG,Sudeste,1,3149507,3347,29
PERDIGÃO,MG,Sudeste,1,3149705,10846,9
PERDIZES,MG,Sudeste,1,3149804,15925,6
PERDÕES,MG,Sudeste,2,3149903,21444,9
PERITIBA,SC,Sul,1,4212601,2855,35
PESCADOR,MG,Sudeste,1,3150000,4311,23
PESQUEIRA,PE,Nordeste,2,2610905,66881,2
PETROLINA DE GOIÁS,GO,Centro-Oeste,1,5216809,10548,9
PETROLÂNDIA,PE,Nordeste,1,2611002,36108,2
PETROLÂNDIA,SC,Sul,1,4212700,6021,16
PEÇANHA,MG,Sudeste,1,3148608,17871,5
PIANCÓ,PB,Nordeste,2,2511301,16091,12
PICUÍ,PB,Nordeste,2,2511400,18737,10
PIEDADE DE PONTE NOVA,MG,Sudeste,1,3150208,4213,23
PIEDADE DO RIO GRANDE,MG,Sudeste,1,3150307,4684,21
PILAR,PB,Nordeste,1,2511509,11938,8
PILÃO ARCADO,BA,Nordeste,1,2924405,35740,2
PINDORAMA,SP,Sudeste,2,3538105,16656,12
PINHAL GRANDE,RS,Sul,1,4314472,4544,22
PINHALZINHO,SP,Sudeste,2,3538204,14763,13
PINHEIRAL,RJ,Sudeste,1,3303955,24282,4
PINHEIRO PRETO,SC,Sul,1,4213005,3480,28
PINHÃO,PR,Sul,2,4119301,32322,6
PIO XII,MA,Nordeste,1,2108702,20861,4
PIQUET CARNEIRO,CE,Nordeste,1,2310902,16731,5
PIQUETE,SP,Sudeste,2,3538501,13976,14
PIRACURUCA,PI,Nordeste,1,2208304,28312,3
PIRANGI,SP,Sudeste,1,3539004,11323,8
PIRANGUÇU,MG,Sudeste,1,3150901,5514,18
PIRANHAS,AL,Nordeste,1,2707107,25298,3
PIRANHAS,GO,Centro-Oeste,1,5217203,11022,9
PIRAPETINGA,MG,Sudeste,2,3151107,10876,18
PIRAPOZINHO,SP,Sudeste,1,3539202,27021,3
PIRATINI,RS,Sul,2,4314605,20799,9
PIRAÚBA,MG,Sudeste,1,3151305,11080,9
PIRITIBA,BA,Nordeste,2,2924801,25211,7
PITANGUEIRAS,SP,Sudeste,1,3539509,38889,2
PIÚMA,ES,Sudeste,2,3204203,21336,9
PLANALTINA,GO,Centro-Oeste,1,5217609,88863,1
PLANALTINO,BA,Nordeste,1,2924900,9582,10
POCINHOS,PB,Nordeste,1,2512002,18622,5
POCRANE,MG,Sudeste,1,3151909,8841,11
POJUCA,BA,Nordeste,1,2925204,39718,2
POMPÉIA,SP,Sudeste,2,3540002,21674,9
PONGAÍ,SP,Sudeste,1,3540101,3480,28
PONTA DE PEDRAS,PA,Norte,1,1505700,30219,3
PONTALINA,GO,Centro-Oeste,1,5217708,17991,5
PONTE ALTA,SC,Sul,1,4213302,4767,20
PONTE SERRADA,SC,Sul,2,4213401,11545,17
PORANGABA,SP,Sudeste,1,3540507,9565,10
PORECATU,PR,Sul,1,4120002,13754,7
PORTALEGRE,RN,Nordeste,1,2410207,7909,12
PORTEL,PA,Norte,1,1505809,60322,1
PORTELÂNDIA,GO,Centro-Oeste,1,5218102,4044,24
PORTO CALVO,AL,Nordeste,1,2707305,27501,3
PORTO DA FOLHA,SE,Nordeste,1,2805604,28735,3
PORTO DE PEDRAS,AL,Nordeste,1,2707404,7965,12
PORTO ESPERIDIÃO,MT,Centro-Oeste,1,5106828,11603,8
PORTO FIRME,MG,Sudeste,1,3152303,11245,8
PORTO FRANCO,MA,Nordeste,1,2109007,23760,4
PORTO LUCENA,RS,Sul,2,4315008,5227,38
PORTO MURTINHO,MS,Centro-Oeste,1,5006903,16879,5
PORTO VITÓRIA,PR,Sul,1,4120309,4148,24
PORTO XAVIER,RS,Sul,1,4315107,10718,9
PORTÃO,RS,Sul,2,4314803,34692,5
POSSE,GO,Centro-Oeste,2,5218300,35574,5
POTIRAGUÁ,BA,Nordeste,1,2925402,8438,11
POTÉ,MG,Sudeste,2,3152402,16641,12
POUSO ALTO,MG,Sudeste,1,3152600,6185,16
POUSO REDONDO,SC,Sul,1,4213708,16957,5
POÇO FUNDO,MG,Sudeste,2,3151701,16903,11
POÇO VERDE,SE,Nordeste,1,2805505,23740,4
POÇÃO DE PEDRAS,MA,Nordeste,2,2108900,17023,11
POÇÕES,BA,Nordeste,1,2925105,48861,2
PRADO,BA,Nordeste,1,2925501,29326,3
PRADOS,MG,Sudeste,1,3152709,9021,11
PRADÓPOLIS,SP,Sudeste,2,3540903,20516,9
PRANCHITA,PR,Sul,2,4120358,5477,36
PRATA,MG,Sudeste,2,3152808,27796,7
PRATINHA,MG,Sudeste,1,3153004,3569,28
PRATÁPOLIS,MG,Sudeste,1,3152907,8890,11
PRESIDENTE BERNARDES,SP,Sudeste,1,3541208,13420,7
PRESIDENTE CASTELLO BRANCO,SC,Sul,1,4213906,1610,62
PRESIDENTE DUTRA,BA,Nordeste,1,2925600,15734,6
PRESIDENTE FIGUEIREDO,AM,Norte,1,1303536,34574,2
PRESIDENTE JUSCELINO,MG,Sudeste,1,3153202,3827,26
PRESIDENTE KENNEDY,ES,Sudeste,1,3204302,11742,8
PRESIDENTE NEREU,SC,Sul,1,4214102,2304,43
PRESIDENTE OLEGÁRIO,MG,Sudeste,1,3153400,19599,5
PRIMAVERA,PA,Norte,1,1506104,10534,9
PRIMEIRO DE MAIO,PR,Sul,1,4120507,11286,8
PRINCESA ISABEL,PB,Nordeste,2,2512309,23489,8
PROPRIÁ,SE,Nordeste,1,2805703,29834,3
PUTINGA,RS,Sul,1,4315206,4159,24
PÃO DE AÇÚCAR,AL,Nordeste,2,2706406,24792,8
PÉROLA,PR,Sul,1,4118907,11101,9
PÉROLA D'OESTE,PR,Sul,1,4119004,6674,14
QUATIGUÁ,PR,Sul,1,4120705,7472,13
QUEBRANGULO,AL,Nordeste,1,2707602,11496,8
QUEDAS DO IGUAÇU,PR,Sul,2,4120903,33543,5
QUEIMADAS,BA,Nordeste,1,2925808,26552,3
QUEIMADAS,PB,Nordeste,1,2512507,44214,2
QUEIMADOS,RJ,Sudeste,2,3304144,145386,1
QUELUZ,SP,Sudeste,1,3541901,12949,7
QUERÊNCIA DO NORTE,PR,Sul,1,4121000,12320,8
QUISSAMÃ,RJ,Sudeste,1,3304151,23535,4
QUITERIANÓPOLIS,CE,Nordeste,1,2311264,20860,4
QUIXELÔ,CE,Nordeste,1,2311355,14860,6
RAFAEL FERNANDES,RN,Nordeste,1,2410504,5115,19
RAFAEL GODEIRO,RN,Nordeste,1,2410603,3234,30
RAFARD,SP,Sudeste,1,3542107,9054,11
RAPOSA,MA,Nordeste,2,2109452,30863,6
RAPOSOS,MG,Sudeste,1,3153905,16390,6
RAUL SOARES,MG,Sudeste,1,3154002,24368,4
REBOUÇAS,PR,Sul,1,4121505,14981,6
RECREIO,MG,Sudeste,1,3154101,10697,9
REDENTORA,RS,Sul,1,4315404,11187,8
REDENÇÃO,CE,Nordeste,1,2311603,27441,3
REGENERAÇÃO,PI,Nordeste,2,2208809,17698,11
REGENTE FEIJÓ,SP,Sudeste,2,3542404,19985,10
REGINÓPOLIS,SP,Sudeste,1,3542503,9042,11
RELVADO,RS,Sul,1,4315453,2187,45
REMANSO,BA,Nordeste,1,2926004,42672,2
REMÍGIO,PB,Nordeste,2,2512705,19579,10
RENASCENÇA,PR,Sul,1,4121604,6979,14
RERIUTABA,CE,Nordeste,2,2311702,18769,10
RIACHO DE SANTANA,BA,Nordeste,2,2926400,36439,5
RIACHÃO DO DANTAS,SE,Nordeste,1,2805802,20014,4
RIALMA,GO,Centro-Oeste,2,5218607,11036,18
RIBEIRA,SP,Sudeste,1,3542800,3390,29
RIBEIRA DO AMPARO,BA,Nordeste,1,2926509,15443,6
RIBEIRÃO,PE,Nordeste,1,2611804,47088,2
RIBEIRÃO BONITO,SP,Sudeste,1,3542909,13060,7
RIBEIRÃO DAS NEVES,MG,Sudeste,2,3154606,328871,0
RIBEIRÃO DO PINHAL,PR,Sul,2,4121901,13557,14
RINCÃO,SP,Sudeste,1,3543709,10823,9
RINÓPOLIS,SP,Sudeste,2,3543808,10098,19
RIO AZUL,PR,Sul,1,4122008,15125,6
RIO BRANCO,MT,Centro-Oeste,1,5107206,5019,19
RIO CASCA,MG,Sudeste,2,3154903,14130,14
RIO CLARO,RJ,Sudeste,1,3304409,17988,5
RIO DAS ANTAS,SC,Sul,1,4214409,6246,16
RIO DAS FLORES,RJ,Sudeste,1,3304508,8984,11
RIO DE CONTAS,BA,Nordeste,1,2926707,13712,7
RIO DO ANTÔNIO,BA,Nordeste,1,2926806,15804,6
RIO DO OESTE,SC,Sul,1,4214607,7463,13
RIO DO PIRES,BA,Nordeste,1,2926905,12130,8
RIO DO PRADO,MG,Sudeste,1,3155108,5302,18
RIO DOCE,MG,Sudeste,1,3155009,2623,38
RIO DOS CEDROS,SC,Sul,1,4214706,11431,8
RIO ESPERA,MG,Sudeste,1,3155207,5825,17
RIO FORMOSO,PE,Nordeste,2,2611903,23379,8
RIO FORTUNA,SC,Sul,1,4214904,4606,21
RIO GRANDE DA SERRA,SP,Sudeste,1,3544103,49408,2
RIO LARGO,AL,Nordeste,1,2707701,76019,1
RIO MARIA,PA,Norte,1,1506161,17705,5
RIO NEGRO,MS,Centro-Oeste,1,5007307,4834,20
RIO NOVO,MG,Sudeste,1,3155405,9084,11
RIO NOVO DO SUL,ES,Sudeste,1,3204401,12095,8
RIO PARDO DE MINAS,MG,Sudeste,1,3155603,31016,3
RIO PIRACICABA,MG,Sudeste,1,3155702,14624,6
RIO POMBA,MG,Sudeste,2,3155801,18061,11
RIO PRETO,MG,Sudeste,1,3155900,5544,18
RIO QUENTE,GO,Centro-Oeste,1,5218789,4112,24
RIO TINTO,PB,Nordeste,1,2512903,24154,4
RIO VERMELHO,MG,Sudeste,1,3156007,13453,7
RIOLÂNDIA,SP,Sudeste,1,3544202,12086,8
RITÁPOLIS,MG,Sudeste,1,3156106,4834,20
ROCA SALES,RS,Sul,2,4315800,11101,18
ROCHEDO DE MINAS,MG,Sudeste,1,3156205,2293,43
RODEIRO,MG,Sudeste,1,3156304,7857,12
ROLÂNDIA,PR,Sul,2,4122404,64726,3
RONDA ALTA,RS,Sul,2,4316105,10695,18
RONDINHA,RS,Sul,1,4316204,5497,18
ROQUE GONZALES,RS,Sul,1,4316303,7245,13
ROSÁRIO,MA,Nordeste,1,2109601,42314,2
ROSÁRIO OESTE,MT,Centro-Oeste,2,5107701,16908,11
RUBELITA,MG,Sudeste,1,3156502,6789,14
RUBIM,MG,Sudeste,1,3156601,10377,9
RUSSAS,CE,Nordeste,2,2311801,76475,2
RUY BARBOSA,BA,Nordeste,1,2927200,32009,3
SABARÁ,MG,Sudeste,2,3156700,135968,1
SABINÓPOLIS,MG,Sudeste,1,3156809,15936,6
SALDANHA MARINHO,RS,Sul,1,4316436,2849,35
SALETE,SC,Sul,1,4215307,7634,13
SALGADO FILHO,PR,Sul,1,4122800,4003,24
SALTINHO,SP,Sudeste,1,3545159,8019,12
SALTO DA DIVISA,MG,Sudeste,2,3157104,7127,28
SALTO DO ITARARÉ,PR,Sul,1,4122909,5158,19
SALTO DO JACUÍ,RS,Sul,2,4316451,12490,16
SALTO DO LONTRA,PR,Sul,2,4123006,14713,13
SALTO VELOSO,SC,Sul,1,4215406,4655,21
SANCLERLÂNDIA,GO,Centro-Oeste,1,5219001,7798,12
SANDOVALINA,SP,Sudeste,1,3545506,4174,23
SANTA BÁRBARA DO TUGÚRIO,MG,Sudeste,1,3157302,4590,21
SANTA CRUZ,RN,Nordeste,1,2411205,39667,2
SANTA CRUZ CABRÁLIA,BA,Nordeste,2,2927705,28552,7
SANTA CRUZ DE MINAS,MG,Sudeste,1,3157336,8547,11
SANTA CRUZ DO ESCALVADO,MG,Sudeste,1,3157401,4960,20
SANTA INÊS,BA,Nordeste,1,2927903,11161,8
SANTA ISABEL DO IVAÍ,PR,Sul,2,4123709,8858,22
SANTA IZABEL DO OESTE,PR,Sul,2,4123808,14411,13
SANTA JULIANA,MG,Sudeste,2,3157708,13380,14
SANTA LEOPOLDINA,ES,Sudeste,2,3204500,12889,15
SANTA LUZIA,MA,Nordeste,1,2110005,71576,1
SANTA LUZIA,MG,Sudeste,2,3157807,218897,0
SANTA LUZIA,PB,Nordeste,2,2513406,15401,12
SANTA LÚCIA,SP,Sudeste,1,3546900,8758,11
SANTA MARGARIDA,MG,Sudeste,1,3157906,16173,6
SANTA MARIA DA VITÓRIA,BA,Nordeste,2,2928109,41769,4
SANTA MARIA DE ITABIRA,MG,Sudeste,2,3158003,11007,18
SANTA MARIA DE JETIBÁ,ES,Sudeste,1,3204559,39928,2
SANTA MARIA DO PARÁ,PA,Norte,1,1506609,24186,4
SANTA MARIA DO SALTO,MG,Sudeste,1,3158102,5381,18
SANTA MARIA DO SUAÇUÍ,MG,Sudeste,1,3158201,14896,6
SANTA MARIA MADALENA,RJ,Sudeste,1,3304607,10172,9
SANTA RITA,PB,Nordeste,1,2513703,136851,0
SANTA RITA DE CALDAS,MG,Sudeste,1,3159209,9198,10
SANTA RITA DO ARAGUAIA,GO,Centro-Oeste,1,5219407,8218,12
SANTA RITA DO PARDO,MS,Centro-Oeste,1,5007554,7732,12
SANTA ROSA DE GOIÁS,GO,Centro-Oeste,1,5219506,2626,38
SANTA ROSA DE LIMA,SC,Sul,1,4215604,2139,46
SANTA ROSA DE VITERBO,SP,Sudeste,2,3547601,26067,7
SANTA TERESA,ES,Sudeste,1,3204609,24025,4
SANTA TEREZA DO OESTE,PR,Sul,1,4124020,10471,9
SANTA TEREZINHA DE GOIÁS,GO,Centro-Oeste,1,5219704,9622,10
SANTA TEREZINHA DE ITAIPU,PR,Sul,2,4124053,22992,8
SANTANA,BA,Nordeste,1,2928208,27492,3
SANTANA DA BOA VISTA,RS,Sul,2,4317004,8414,23
SANTANA DO ARAGUAIA,PA,Norte,1,1506708,70764,1
SANTANA DO CARIRI,CE,Nordeste,1,2312106,17489,5
SANTANA DO DESERTO,MG,Sudeste,1,3158607,4032,24
SANTANA DO JACARÉ,MG,Sudeste,1,3158805,4861,20
SANTANA DO MANHUAÇU,MG,Sudeste,1,3158904,8853,11
SANTANA DO MUNDAÚ,AL,Nordeste,1,2708105,10899,9
SANTANA DO PARAÍSO,MG,Sudeste,1,3158953,32828,3
SANTANA DOS MONTES,MG,Sudeste,1,3159100,3887,25
SANTO AMARO,BA,Nordeste,1,2928604,61961,1
SANTO ANTÔNIO,RN,Nordeste,2,2411502,24220,8
SANTO ANTÔNIO DA BARRA,GO,Centro-Oeste,1,5219712,4780,20
SANTO ANTÔNIO DAS MISSÕES,RS,Sul,2,4317707,11051,18
SANTO ANTÔNIO DO AMPARO,MG,Sudeste,1,3159902,18553,5
SANTO ANTÔNIO DO AVENTUREIRO,MG,Sudeste,1,3160009,3668,27
SANTO ANTÔNIO DO CAIUÁ,PR,Sul,1,4124202,2741,36
SANTO ANTÔNIO DO GRAMA,MG,Sudeste,1,3160108,4071,24
SANTO ANTÔNIO DO JACINTO,MG,Sudeste,1,3160306,11977,8
SANTO ANTÔNIO DO LEVERGER,MT,Centro-Oeste,1,5107800,18392,5
SANTO ANTÔNIO DO SUDOESTE,PR,Sul,2,4124400,20158,9
SANTO ANTÔNIO DOS LOPES,MA,Nordeste,1,2110302,14222,7
SANTO INÁCIO,PR,Sul,1,4124509,5506,18
SAPEZAL,MT,Centro-Oeste,1,5107875,24305,4
SARANDI,PR,Sul,2,4126256,94181,2
SARUTAIÁ,SP,Sudeste,1,3551207,3681,27
SAÚDE,BA,Nordeste,1,2929800,13385,7
SCHROEDER,SC,Sul,1,4217402,20095,4
SENADOR AMARAL,MG,Sudeste,1,3165578,5439,18
SENADOR CORTES,MG,Sudeste,1,3165602,2049,48
SENADOR FIRMINO,MG,Sudeste,1,3165701,7792,12
SENADOR GUIOMARD,AC,Norte,2,1200450,21552,9
SENADOR JOSÉ BENTO,MG,Sudeste,1,3165800,1672,59
SENGÉS,PR,Sul,1,4126306,19443,5
SENHOR DO BONFIM,BA,Nordeste,2,2930105,81218,2
SENHORA DE OLIVEIRA,MG,Sudeste,1,3166006,5892,16
SENHORA DO PORTO,MG,Sudeste,1,3166105,3602,27
SENHORA DOS REMÉDIOS,MG,Sudeste,1,3166204,10622,9
SERRA AZUL DE MINAS,MG,Sudeste,1,3166501,4372,22
SERRA DO RAMALHO,BA,Nordeste,1,2930154,32991,3
SERRA DOS AIMORÉS,MG,Sudeste,1,3166709,8809,11
SERRA GRANDE,PB,Nordeste,1,2515708,3100,32
SERRA NEGRA DO NORTE,RN,Nordeste,1,2413409,8175,12
SERRANA,SP,Sudeste,2,3551504,43790,4
SERRANOS,MG,Sudeste,1,3167004,2023,49
SERRANÓPOLIS,GO,Centro-Oeste,1,5220504,8323,12
SERRINHA,RN,Nordeste,1,2413508,6422,15
SERRO,MG,Sudeste,1,3167103,21435,4
SERROLÂNDIA,BA,Nordeste,1,2930600,13832,7
SERTANÓPOLIS,PR,Sul,2,4126504,16485,12
SERTÃO,RS,Sul,1,4320503,6065,16
SETE QUEDAS,MS,Centro-Oeste,2,5007703,10790,18
SEVERIANO DE ALMEIDA,RS,Sul,1,4320602,3868,25
SEVERÍNIA,SP,Sudeste,2,3551900,17115,11
SIDROLÂNDIA,MS,Centro-Oeste,2,5007901,54575,3
SILVA JARDIM,RJ,Sudeste,2,3305604,21253,9
SILVEIRAS,SP,Sudeste,1,3552007,6228,16
SILVIANÓPOLIS,MG,Sudeste,1,3167400,6314,15
SILVÂNIA,GO,Centro-Oeste,2,5220603,20478,9
SIMONÉSIA,MG,Sudeste,2,3167608,19633,10
SIMPLÍCIO MENDES,PI,Nordeste,2,2210805,12488,16
SIMÃO DIAS,SE,Nordeste,1,2807105,40838,2
SIMÃO PEREIRA,MG,Sudeste,1,3167509,2651,37
SIMÕES FILHO,BA,Nordeste,2,2930709,136050,1
SINIMBU,RS,Sul,1,4320677,10408,9
SOLEDADE,PB,Nordeste,2,2516102,14987,13
SOLONÓPOLE,CE,Nordeste,1,2313005,18158,5
SOLÂNEA,PB,Nordeste,2,2516003,26376,7
SONORA,MS,Centro-Oeste,1,5007935,18393,5
SOORETAMA,ES,Sudeste,1,3205010,29038,3
SOUTO SOARES,BA,Nordeste,1,2930808,17503,5
SUCUPIRA DO NORTE,MA,Nordeste,1,2111904,10416,9
SUMIDOURO,RJ,Sudeste,1,3305703,15191,6
SÃO BENEDITO,CE,Nordeste,2,2312304,46648,4
SÃO BENTO,MA,Nordeste,1,2110500,46039,2
SÃO BENTO,PB,Nordeste,2,2513901,34215,5
SÃO BENTO DO TRAIRÍ,RN,Nordeste,1,2411700,4425,22
SÃO BENTO DO UNA,PE,Nordeste,1,2613008,58824,1
SÃO BONIFÁCIO,SC,Sul,1,4215901,2899,34
SÃO BRÁS DO SUAÇUÍ,MG,Sudeste,1,3160900,3747,26
SÃO CAITANO,PE,Nordeste,1,2613107,37023,2
SÃO CRISTOVÃO DO SUL,SC,Sul,1,4216057,5464,18
SÃO CRISTÓVÃO,SE,Nordeste,1,2806701,89232,1
SÃO DESIDÉRIO,BA,Nordeste,2,2928901,33661,5
SÃO DOMINGOS DO MARANHÃO,MA,Nordeste,1,2110708,33691,2
SÃO DOMINGOS DO PRATA,MG,Sudeste,2,3161007,17787,11
SÃO FRANCISCO,MG,Sudeste,1,3161106,56805,1
SÃO FÉLIX,BA,Nordeste,1,2929008,15310,6
SÃO FÉLIX DO XINGU,PA,Norte,1,1507300,124806,0
SÃO GABRIEL DA CACHOEIRA,AM,Norte,1,1303809,44553,2
SÃO GERALDO,MG,Sudeste,1,3161502,11905,8
SÃO GONÇALO DO ABAETÉ,MG,Sudeste,1,3161700,6898,14
SÃO GONÇALO DO AMARANTE,CE,Nordeste,1,2312403,48265,2
SÃO GONÇALO DO AMARANTE,RN,Nordeste,1,2412005,101492,0
SÃO GONÇALO DO PARÁ,MG,Sudeste,1,3161809,11985,8
SÃO GONÇALO DO RIO ABAIXO,MG,Sudeste,1,3161908,10773,9
SÃO JOSÉ DA LAJE,AL,Nordeste,2,2708303,24226,8
SÃO JOSÉ DA SAFIRA,MG,Sudeste,1,3163003,4303,23
SÃO JOSÉ DE PIRANHAS,PB,Nordeste,1,2514503,20163,4
SÃO JOSÉ DO BARREIRO,SP,Sudeste,1,3549607,4181,23
SÃO JOSÉ DO CEDRO,SC,Sul,2,4216701,13897,14
SÃO JOSÉ DO CERRITO,SC,Sul,1,4216800,8588,11
SÃO JOSÉ DO DIVINO,MG,Sudeste,1,3163300,3946,25
SÃO JOSÉ DO EGITO,PE,Nordeste,2,2613602,33704,5
SÃO JOSÉ DO HERVAL,RS,Sul,1,4318465,2158,46
SÃO JOSÉ DO MANTIMENTO,MG,Sudeste,1,3163607,2787,35
SÃO JOSÉ DO NORTE,RS,Sul,1,4318507,27206,3
SÃO JOSÉ DO RIO CLARO,MT,Centro-Oeste,2,5107305,19728,10
SÃO JOSÉ DO VALE DO RIO PRETO,RJ,Sudeste,1,3305158,21114,4
SÃO JOÃO,PR,Sul,2,4124806,10644,18
SÃO JOÃO D'ALIANÇA,GO,Centro-Oeste,1,5220009,12643,7
SÃO JOÃO DA PONTE,MG,Sudeste,1,3162401,25856,3
SÃO JOÃO DA URTIGA,RS,Sul,2,4318424,4831,41
SÃO JOÃO DO CAIUÁ,PR,Sul,1,4124905,6025,16
SÃO JOÃO DO ITAPERIÚ,SC,Sul,1,4216354,3690,27
SÃO JOÃO DO IVAÍ,PR,Sul,1,4125001,11005,9
SÃO JOÃO DO OESTE,SC,Sul,2,4216255,6309,31
SÃO JOÃO DO ORIENTE,MG,Sudeste,1,3162609,7819,12
SÃO JOÃO DO SABUGI,RN,Nordeste,1,2412104,6260,15
SÃO JOÃO DO SUL,SC,Sul,1,4216404,7268,13
SÃO JOÃO DOS PATOS,MA,Nordeste,2,2111102,25520,7
SÃO JOÃO EVANGELISTA,MG,Sudeste,1,3162807,16083,6
SÃO LOURENÇO DA MATA,PE,Nordeste,1,2613701,112099,0
SÃO LUÍS DO PARAITINGA,SP,Sudeste,1,3550001,10740,9
SÃO LUÍS DO QUITUNDE,AL,Nordeste,1,2708501,34961,2
SÃO MARTINHO,RS,Sul,1,4319109,5779,17
SÃO MARTINHO,SC,Sul,1,4217105,3210,31
SÃO MATEUS DO MARANHÃO,MA,Nordeste,1,2111508,40992,2
SÃO MATEUS DO SUL,PR,Sul,2,4125605,45398,4
SÃO MIGUEL,RN,Nordeste,1,2412500,23610,4
SÃO MIGUEL ARCANJO,SP,Sudeste,1,3550209,32910,3
SÃO MIGUEL DO ANTA,MG,Sudeste,1,3163805,7045,14
SÃO MIGUEL DO ARAGUAIA,GO,Centro-Oeste,1,5220207,22684,4
SÃO MIGUEL DO GUAMÁ,PA,Norte,1,1507607,57364,1
SÃO MIGUEL DO GUAPORÉ,RO,Norte,2,1100320,24181,8
SÃO MIGUEL DO TAPUIO,PI,Nordeste,1,2210409,17395,5
SÃO MIGUEL DOS CAMPOS,AL,Nordeste,1,2708600,61827,1
SÃO NICOLAU,RS,Sul,1,4319208,5677,17
SÃO PAULO DAS MISSÕES,RS,Sul,1,4319307,6280,15
SÃO PAULO DO POTENGI,RN,Nordeste,2,2412609,17572,11
SÃO PEDRO DA UNIÃO,MG,Sudeste,1,3163904,4911,20
SÃO PEDRO DO PARANÁ,PR,Sul,1,4125902,2443,40
SÃO PEDRO DO PIAUÍ,PI,Nordeste,1,2210508,14056,7
SÃO PEDRO DOS FERROS,MG,Sudeste,1,3164001,8181,12
SÃO ROQUE DE MINAS,MG,Sudeste,2,3164308,7092,28
SÃO ROQUE DO CANAÃ,ES,Sudeste,1,3204955,12579,7
SÃO SEBASTIÃO DA BOA VISTA,PA,Norte,2,1507706,25904,7
SÃO SEBASTIÃO DA GRAMA,SP,Sudeste,1,3550803,12317,8
SÃO SEBASTIÃO DO CAÍ,RS,Sul,2,4319505,24967,8
SÃO THOMÉ DAS LETRAS,MG,Sudeste,1,3165206,7106,14
SÃO TIAGO,MG,Sudeste,1,3165008,11073,9
SÃO TOMÁS DE AQUINO,MG,Sudeste,1,3165107,7222,13
SÃO VALENTIM DO SUL,RS,Sul,1,4319711,2265,44
SÃO VALÉRIO,TO,Norte,1,1720499,4111,24
SÃO VICENTE DO SUL,RS,Sul,2,4319802,8817,22
TABATINGA,SP,Sudeste,1,3552700,16159,6
TABIRA,PE,Nordeste,1,2614600,28301,3
TABULEIRO,MG,Sudeste,1,3167905,3963,25
TABULEIRO DO NORTE,CE,Nordeste,1,2313104,30489,3
TACIBA,SP,Sudeste,1,3552908,6193,16
TACURU,MS,Centro-Oeste,1,5007950,11284,8
TAILÂNDIA,PA,Norte,2,1507953,103321,1
TAMBORIL,CE,Nordeste,2,2313203,25525,7
TANGARÁ,SC,Sul,1,4217907,8738,11
TANHAÇU,BA,Nordeste,1,2931004,21315,4
TANQUE D'ARCA,AL,Nordeste,1,2709004,6270,15
TANQUINHO,BA,Nordeste,1,2931103,8232,12
TAPEROÁ,PB,Nordeste,2,2516508,15276,13
TAPIRA,MG,Sudeste,1,3168101,4650,21
TAPIRAMUTÁ,BA,Nordeste,1,2931301,17845,5
TAPIRATIBA,SP,Sudeste,1,3553609,13062,7
TAPIRAÍ,MG,Sudeste,1,3168200,1921,52
TAPURAH,MT,Centro-Oeste,1,5108006,12967,7
TAQUARAL DE GOIÁS,GO,Centro-Oeste,1,5221007,3625,27
TAQUARITUBA,SP,Sudeste,2,3553807,23240,8
TARAUACÁ,AC,Norte,1,1200609,40024,2
TARUMIRIM,MG,Sudeste,1,3168408,14667,6
TAVARES,RS,Sul,1,4321352,5567,17
TEIXEIRA,PB,Nordeste,2,2516706,15191,13
TEIXEIRAS,MG,Sudeste,1,3168507,11836,8
TEJUPÁ,SP,Sudeste,1,3554201,4677,21
TEJUÇUOCA,CE,Nordeste,1,2313351,18902,5
TENENTE ANANIAS,RN,Nordeste,1,2414100,10814,9
TEODORO SAMPAIO,SP,Sudeste,1,3554300,22914,4
TERRA BOA,PR,Sul,1,4127205,16991,5
TERRA DE AREIA,RS,Sul,1,4321436,10783,9
TERRA NOVA,BA,Nordeste,1,2931707,13536,7
TERRA ROXA,PR,Sul,1,4127403,17627,5
TERRA ROXA,SP,Sudeste,1,3554409,9227,10
TIANGUÁ,CE,Nordeste,2,2313401,74719,2
TIBAGI,PR,Sul,1,4127502,20562,4
TIMBIRAS,MA,Nordeste,1,2112100,28635,3
TIMBÉ DO SUL,SC,Sul,1,4218103,5377,18
TIMÓTEO,MG,Sudeste,1,3168705,88931,1
TIROS,MG,Sudeste,1,3168903,6795,14
TOBIAS BARRETO,SE,Nordeste,2,2807402,52156,3
TOCANTINS,MG,Sudeste,1,3169000,16766,5
TOCANTINÓPOLIS,TO,Norte,2,1721208,23119,8
TOMBOS,MG,Sudeste,1,3169208,8772,11
TOMÉ-AÇU,PA,Norte,2,1508001,61709,3
TOUROS,RN,Nordeste,1,2414407,34043,2
TRAIPU,AL,Nordeste,2,2709202,28070,7
TRAJANO DE MORAES,RJ,Sudeste,1,3305901,10352,9
TREMEDAL,BA,Nordeste,2,2931806,17700,11
TREZE DE MAIO,SC,Sul,2,4218400,7098,28
TREZE TÍLIAS,SC,Sul,2,4218509,7545,26
TRIUNFO,PB,Nordeste,1,2516805,9482,10
TRIUNFO,PE,Nordeste,2,2615706,15221,13
TROMBAS,GO,Centro-Oeste,1,5221452,3571,28
TROMBUDO CENTRAL,SC,Sul,1,4218608,7211,13
TRÊS BARRAS DO PARANÁ,PR,Sul,1,4127858,12256,8
TRÊS CACHOEIRAS,RS,Sul,1,4321667,10904,9
TRÊS COROAS,RS,Sul,2,4321709,26589,7
TUCANO,BA,Nordeste,2,2931905,52540,3
TUCURUÍ,PA,Norte,2,1508100,110516,1
TURILÂNDIA,MA,Nordeste,1,2112456,25533,3
TURMALINA,MG,Sudeste,2,3169703,19762,10
TURVELÂNDIA,GO,Centro-Oeste,1,5221551,5050,19
TURVO,PR,Sul,1,4127965,13640,7
TURVO,SC,Sul,2,4218806,12746,15
TURVOLÂNDIA,MG,Sudeste,1,3169802,5025,19
TURVÂNIA,GO,Centro-Oeste,1,5221502,4818,20
TUTÓIA,MA,Nordeste,1,2112506,58605,1
UAUÁ,BA,Nordeste,1,2932002,25773,3
UBAITABA,BA,Nordeste,2,2932200,20489,9
UBAÍRA,BA,Nordeste,1,2932101,20800,4
ULIANÓPOLIS,PA,Norte,1,1508126,57525,1
UMARIZAL,RN,Nordeste,1,2414506,10781,9
UMBURATIBA,MG,Sudeste,1,3170305,2709,36
UNA,BA,Nordeste,1,2932507,21331,4
UNIÃO,PI,Nordeste,2,2211100,43761,4
UNIÃO DA SERRA,RS,Sul,1,4322350,1374,72
URANDI,BA,Nordeste,1,2932606,17356,5
URBANO SANTOS,MA,Nordeste,1,2112605,33038,3
URUANA,GO,Centro-Oeste,1,5221700,14195,7
URUARÁ,PA,Norte,1,1508159,44258,2
URUBICI,SC,Sul,2,4218905,11191,17
URUBURETAMA,CE,Nordeste,1,2313807,21609,4
URUCÂNIA,MG,Sudeste,1,3170503,10589,9
URUTAÍ,GO,Centro-Oeste,1,5221809,3154,31
URUÇUCA,BA,Nordeste,1,2932705,21711,4
URUÇUÍ,PI,Nordeste,2,2211209,21188,9
UTINGA,BA,Nordeste,2,2932804,19780,10
VALENTE,BA,Nordeste,1,2933000,28743,3
VARGEM ALTA,ES,Sudeste,1,3205036,21584,4
VARGEM BONITA,MG,Sudeste,1,3170602,2209,45
VARGEM GRANDE,MA,Nordeste,2,2112704,56511,3
VARGEÃO,SC,Sul,1,4219101,3590,27
VARZELÂNDIA,MG,Sudeste,1,3170909,19723,5
VERA,MT,Centro-Oeste,1,5108501,10901,9
VERA CRUZ,BA,Nordeste,1,2933208,43640,2
VERA CRUZ,SP,Sudeste,1,3556602,10963,9
VIADUTOS,RS,Sul,1,4322905,5205,19
VIANA,ES,Sudeste,1,3205101,76776,1
VICTOR GRAEFF,RS,Sul,1,4323200,3051,32
VIDAL RAMOS,SC,Sul,1,4219200,6356,15
VIEIRAS,MG,Sudeste,1,3171402,3741,26
VIGIA,PA,Norte,2,1508209,52216,3
VILA FLOR,RN,Nordeste,1,2415008,3173,31
VILA FLORES,RS,Sul,1,4323309,3382,29
VILA MARIA,RS,Sul,1,4323408,4407,22
VILA VALÉRIO,ES,Sudeste,1,3205176,14697,6
VIRGEM DA LAPA,MG,Sudeste,1,3171600,14043,7
VIRGINÓPOLIS,MG,Sudeste,2,3171808,10793,18
VIRGOLÂNDIA,MG,Sudeste,1,3171907,5613,17
VIRGÍNIA,MG,Sudeste,1,3171709,8870,11
VISEU,PA,Norte,1,1508308,59735,1
VISTA ALEGRE,RS,Sul,2,4323507,2877,69
VITOR MEIRELES,SC,Sul,1,4219358,5056,19
VITORINO,PR,Sul,1,4128708,6878,14
VITORINO FREIRE,MA,Nordeste,2,2113009,30879,6
VITÓRIA DO MEARIM,MA,Nordeste,2,2112902,32267,6
VIÇOSA,AL,Nordeste,2,2709400,26143,7
VIÇOSA,RN,Nordeste,1,2414902,1731,57
VIÇOSA DO CEARÁ,CE,Nordeste,1,2314102,60030,1
VOLTA GRANDE,MG,Sudeste,1,3172103,5315,18
VÁRZEA ALEGRE,CE,Nordeste,1,2314003,40440,2
VÁRZEA DA ROÇA,BA,Nordeste,1,2933059,14662,6
VÁRZEA PAULISTA,SP,Sudeste,2,3556503,118917,1
WAGNER,BA,Nordeste,1,2933406,9753,10
WENCESLAU BRAZ,MG,Sudeste,1,3172202,2615,38
WENCESLAU GUIMARÃES,BA,Nordeste,1,2933505,22365,4
WITMARSUM,SC,Sul,1,4219408,3912,25
XAPURI,AC,Norte,1,1200708,18174,5
XAVANTINA,SC,Sul,1,4219606,4012,24
ÁGUA BRANCA,PI,Nordeste,2,2200202,17119,11
ÁGUA CLARA,MS,Centro-Oeste,1,5000203,14992,6
ÁGUA DOCE,SC,Sul,1,4200408,7154,13
ÁGUAS BELAS,PE,Nordeste,1,2600500,43087,2
ÁGUAS DA PRATA,SP,Sudeste,2,3500402,8104,24
ÁGUAS DE CHAPECÓ,SC,Sul,1,4200507,6445,15
ÁGUAS DE LINDÓIA,SP,Sudeste,2,3500501,18509,10
ÁGUAS DE SANTA BÁRBARA,SP,Sudeste,1,3500550,6009,16
ÁGUAS DE SÃO PEDRO,SP,Sudeste,1,3500600,3268,30
ÁGUAS FORMOSAS,MG,Sudeste,2,3100906,19416,10
ÁGUAS VERMELHAS,MG,Sudeste,1,3101003,13576,7
