cidade,cod_municipal,veiculos_mapeados,regiao_metropolitana,uf,estado,regiao,pais,POP,RDPC,I_ESCOLARIDADE,IDHM,IDHM_E,IDHM_L,IDHM_R
SÃO PAULO,355030,698,RM São Paulo,SP,São Paulo,Sudeste,Brasil,11172609,1516.21,0.677,0.805,0.725,0.855,0.843
RIO DE JANEIRO,330455,217,RM Rio de Janeiro,RJ,Rio de Janeiro,Sudeste,Brasil,6265402,1492.63,0.722,0.799,0.719,0.845,0.84
BRASÍLIA,530010,197,RIDE DF,DF,Distrito Federal,Centro-Oeste,Brasil,2543802,1715.11,0.723,0.824,0.742,0.873,0.863
PORTO ALEGRE,431490,119,RM Porto Alegre,RS,Rio Grande do Sul,Sul,Brasil,1394270,1758.27,0.748,0.805,0.702,0.857,0.867
CURITIBA,410690,77,RM Curitiba,PR,Paraná,Sul,Brasil,1740948,1581.04,0.74,0.823,0.768,0.855,0.85
FLORIANÓPOLIS,420540,70,n/d,SC,Santa Catarina,Sul,Brasil,417579,1798.12,0.8,0.847,0.8,0.873,0.87
GOIÂNIA,520870,65,n/d,GO,Goiás,Centro-Oeste,Brasil,1297161,1348.55,0.714,0.799,0.739,0.838,0.824
CUIABÁ,510340,42,n/d,MT,Mato Grosso,Centro-Oeste,Brasil,547297,1161.49,0.702,0.785,0.726,0.834,0.8
PORTO VELHO,110020,34,n/d,RO,Rondônia,Norte,Brasil,422555,929.19,0.619,0.736,0.638,0.819,0.764
CAMPO GRANDE,500270,33,n/d,MS,Mato Grosso do Sul,Centro-Oeste,Brasil,777917,1089.37,0.667,0.784,0.724,0.844,0.79
CAMPINAS,350950,30,n/d,SP,São Paulo,Sudeste,Brasil,1071983,1390.83,0.677,0.805,0.731,0.86,0.829
SANTOS,354850,30,n/d,SP,São Paulo,Sudeste,Brasil,416553,1693.65,0.758,0.84,0.807,0.852,0.861
MANAUS,130260,29,n/d,AM,Amazonas,Norte,Brasil,1793443,790.27,0.679,0.737,0.658,0.826,0.738
SALVADOR,292740,29,RM Salvador,BA,Bahia,Nordeste,Brasil,2650633,973.0,0.697,0.759,0.679,0.835,0.772
PALMAS,172100,27,n/d,TO,Tocantins,Norte,Brasil,225432,1087.35,0.746,0.788,0.749,0.827,0.789
JOÃO PESSOA,250750,25,n/d,PB,Paraíba,Nordeste,Brasil,713290,964.82,0.663,0.763,0.693,0.832,0.77
VITÓRIA,320530,23,n/d,ES,Espírito Santo,Sudeste,Brasil,325399,1866.58,0.789,0.845,0.805,0.855,0.876
RIBEIRÃO PRETO,354340,22,n/d,SP,São Paulo,Sudeste,Brasil,599026,1314.04,0.683,0.8,0.739,0.844,0.82
SÃO LUÍS,211130,21,n/d,MA,Maranhão,Nordeste,Brasil,1005101,805.36,0.735,0.768,0.752,0.813,0.741
TERESINA,221100,21,n/d,PI,Piauí,Nordeste,Brasil,806168,757.57,0.642,0.751,0.707,0.82,0.731
FORTALEZA,230440,21,RM Fortaleza,CE,Ceará,Nordeste,Brasil,2427422,846.36,0.658,0.754,0.695,0.824,0.749
MOGI DAS CRUZES,353060,21,RM São Paulo,SP,São Paulo,Sudeste,Brasil,386276,916.81,0.662,0.783,0.74,0.851,0.762
SÃO BERNARDO DO CAMPO,354870,21,RM São Paulo,SP,São Paulo,Sudeste,Brasil,761343,1212.65,0.702,0.805,0.752,0.861,0.807
RECIFE,261160,20,RM Recife,PE,Pernambuco,Nordeste,Brasil,1524313,1144.26,0.664,0.772,0.698,0.825,0.798
SANTO ANDRÉ,354780,20,RM São Paulo,SP,São Paulo,Sudeste,Brasil,674948,1304.31,0.707,0.815,0.769,0.861,0.819
CRICIÚMA,420460,20,n/d,SC,Santa Catarina,Sul,Brasil,190535,1062.53,0.639,0.788,0.737,0.846,0.786
BELÉM,150140,19,RM Belém,PA,Pará,Norte,Brasil,1385193,853.82,0.692,0.746,0.673,0.822,0.751
NITERÓI,330330,19,RM Rio de Janeiro,RJ,Rio de Janeiro,Sudeste,Brasil,482950,2000.29,0.794,0.837,0.773,0.854,0.887
CHAPECÓ,420420,19,n/d,SC,Santa Catarina,Sul,Brasil,181705,1017.34,0.63,0.79,0.727,0.871,0.779
ARACAJU,280030,18,n/d,SE,Sergipe,Nordeste,Brasil,565274,1052.03,0.695,0.77,0.708,0.823,0.784
NATAL,240810,17,n/d,RN,Rio Grande do Norte,Nordeste,Brasil,797986,950.34,0.659,0.763,0.694,0.835,0.768
GUARULHOS,351880,17,RM São Paulo,SP,São Paulo,Sudeste,Brasil,1213492,829.91,0.639,0.763,0.717,0.831,0.746
RIO BRANCO,120040,16,n/d,AC,Acre,Norte,Brasil,333052,744.67,0.607,0.727,0.661,0.798,0.729
BARUERI,350570,16,RM São Paulo,SP,São Paulo,Sudeste,Brasil,240055,1095.84,0.631,0.786,0.708,0.866,0.791
MACEIÓ,270430,15,n/d,AL,Alagoas,Nordeste,Brasil,924611,792.54,0.591,0.721,0.635,0.799,0.739
DUQUE DE CAXIAS,330170,15,RM Rio de Janeiro,RJ,Rio de Janeiro,Sudeste,Brasil,853747,592.81,0.584,0.711,0.624,0.833,0.692
BAURU,350600,15,n/d,SP,São Paulo,Sudeste,Brasil,339422,1163.86,0.672,0.801,0.752,0.854,0.8
OSASCO,353440,15,RM São Paulo,SP,São Paulo,Sudeste,Brasil,665237,1003.4,0.648,0.776,0.718,0.84,0.776
ITAJAÍ,420820,15,n/d,SC,Santa Catarina,Sul,Brasil,182637,1014.0,0.646,0.795,0.73,0.884,0.778
JOINVILLE,420910,15,n/d,SC,Santa Catarina,Sul,Brasil,512406,1126.74,0.709,0.809,0.749,0.889,0.795
APARECIDA DE GOIÂNIA,520140,15,n/d,GO,Goiás,Centro-Oeste,Brasil,452269,689.3,0.57,0.718,0.62,0.834,0.716
BARRETOS,350550,14,n/d,SP,São Paulo,Sudeste,Brasil,111603,917.0,0.628,0.789,0.738,0.875,0.762
SÃO CAETANO DO SUL,354880,14,RM São Paulo,SP,São Paulo,Sudeste,Brasil,148195,2043.74,0.762,0.862,0.811,0.887,0.891
BALNEÁRIO CAMBORIÚ,420200,14,n/d,SC,Santa Catarina,Sul,Brasil,107149,1625.59,0.763,0.845,0.789,0.894,0.854
CASCAVEL,410480,13,n/d,PR,Paraná,Sul,Brasil,281772,1003.38,0.63,0.782,0.728,0.846,0.776
LONDRINA,411370,13,n/d,PR,Paraná,Sul,Brasil,503548,1083.35,0.649,0.778,0.712,0.837,0.789
MARINGÁ,411520,13,n/d,PR,Paraná,Sul,Brasil,354512,1202.63,0.691,0.808,0.768,0.852,0.806
TUBARÃO,421870,13,n/d,SC,Santa Catarina,Sul,Brasil,96823,1077.62,0.648,0.796,0.74,0.866,0.788
CAXIAS DO SUL,430510,13,n/d,RS,Rio Grande do Sul,Sul,Brasil,433304,1253.93,0.668,0.782,0.686,0.86,0.812
PIRACICABA,353870,12,n/d,SP,São Paulo,Sudeste,Brasil,363011,1143.2,0.64,0.785,0.717,0.848,0.797
RIO CLARO,354390,12,n/d,SP,São Paulo,Sudeste,Brasil,185172,1049.16,0.671,0.803,0.766,0.862,0.784
UMUARAMA,412810,12,n/d,PR,Paraná,Sul,Brasil,99898,880.6,0.567,0.761,0.698,0.836,0.755
BLUMENAU,420240,12,n/d,SC,Santa Catarina,Sul,Brasil,306393,1253.17,0.659,0.806,0.722,0.894,0.812
JARAGUÁ DO SUL,420890,12,n/d,SC,Santa Catarina,Sul,Brasil,142186,1111.85,0.687,0.803,0.755,0.865,0.793
JOAÇABA,420900,12,n/d,SC,Santa Catarina,Sul,Brasil,26807,1338.5,0.674,0.827,0.771,0.891,0.823
MAFRA,421010,12,n/d,SC,Santa Catarina,Sul,Brasil,52665,789.53,0.562,0.777,0.723,0.88,0.738
CANOAS,430460,12,RM Porto Alegre,RS,Rio Grande do Sul,Sul,Brasil,322949,952.13,0.646,0.75,0.636,0.864,0.768
DOURADOS,500370,12,n/d,MS,Mato Grosso do Sul,Centro-Oeste,Brasil,194084,866.4,0.587,0.747,0.657,0.843,0.753
ARARAQUARA,350320,11,n/d,SP,São Paulo,Sudeste,Brasil,206646,1080.66,0.687,0.815,0.782,0.877,0.788
INDAIATUBA,352050,11,n/d,SP,São Paulo,Sudeste,Brasil,201009,1098.31,0.657,0.788,0.738,0.837,0.791
SÃO JOSÉ DOS CAMPOS,354990,11,n/d,SP,São Paulo,Sudeste,Brasil,627707,1190.96,0.703,0.807,0.764,0.855,0.804
PONTA GROSSA,411990,11,n/d,PR,Paraná,Sul,Brasil,309810,877.1,0.614,0.763,0.703,0.837,0.755
SÃO MIGUEL DO OESTE,421720,11,n/d,SC,Santa Catarina,Sul,Brasil,36117,1072.6,0.611,0.801,0.739,0.884,0.787
CACHOEIRINHA,430310,11,RM Porto Alegre,RS,Rio Grande do Sul,Sul,Brasil,117991,844.04,0.66,0.757,0.675,0.857,0.749
ARARUAMA,330020,10,n/d,RJ,Rio de Janeiro,Sudeste,Brasil,111398,680.88,0.556,0.718,0.617,0.839,0.714
JUNDIAÍ,352590,10,n/d,SP,São Paulo,Sudeste,Brasil,368777,1431.55,0.674,0.822,0.768,0.866,0.834
MARÍLIA,352900,10,n/d,SP,São Paulo,Sudeste,Brasil,213999,953.2,0.673,0.798,0.776,0.854,0.768
SÃO JOSÉ DO RIO PRETO,354980,10,n/d,SP,São Paulo,Sudeste,Brasil,405342,1169.16,0.661,0.797,0.748,0.846,0.801
SOROCABA,355220,10,n/d,SP,São Paulo,Sudeste,Brasil,581667,1107.19,0.677,0.798,0.762,0.843,0.792
FOZ DO IGUAÇU,410830,10,n/d,PR,Paraná,Sul,Brasil,254276,842.26,0.591,0.751,0.661,0.858,0.748
RIO DO SUL,421480,10,n/d,SC,Santa Catarina,Sul,Brasil,60758,1114.31,0.612,0.802,0.727,0.894,0.793
NOVO HAMBURGO,431340,10,RM Porto Alegre,RS,Rio Grande do Sul,Sul,Brasil,237941,1011.62,0.552,0.747,0.629,0.852,0.778
VIAMÃO,432300,10,RM Porto Alegre,RS,Rio Grande do Sul,Sul,Brasil,237679,707.05,0.576,0.717,0.591,0.866,0.72
CATALÃO,520510,10,n/d,GO,Goiás,Centro-Oeste,Brasil,86253,959.4,0.613,0.766,0.715,0.819,0.769
FEIRA DE SANTANA,291080,9,n/d,BA,Bahia,Nordeste,Brasil,552741,662.24,0.576,0.712,0.619,0.82,0.71
CABO FRIO,330070,9,n/d,RJ,Rio de Janeiro,Sudeste,Brasil,185301,815.75,0.606,0.735,0.64,0.836,0.743
SÃO GONÇALO,330490,9,RM Rio de Janeiro,RJ,Rio de Janeiro,Sudeste,Brasil,996948,669.3,0.645,0.739,0.681,0.833,0.711
TAUBATÉ,355410,9,n/d,SP,São Paulo,Sudeste,Brasil,276215,1011.95,0.682,0.8,0.746,0.883,0.778
ARARANGUÁ,420140,9,n/d,SC,Santa Catarina,Sul,Brasil,60793,827.2,0.565,0.76,0.691,0.853,0.745
LAGES,420930,9,n/d,SC,Santa Catarina,Sul,Brasil,156106,878.34,0.608,0.77,0.697,0.867,0.755
PALHOÇA,421190,9,n/d,SC,Santa Catarina,Sul,Brasil,136699,862.74,0.609,0.757,0.672,0.859,0.752
SÃO JOSÉ,421660,9,n/d,SC,Santa Catarina,Sul,Brasil,208673,1157.43,0.728,0.809,0.752,0.88,0.799
SÃO LEOPOLDO,431870,9,RM Porto Alegre,RS,Rio Grande do Sul,Sul,Brasil,213161,939.93,0.599,0.739,0.612,0.861,0.766
ANÁPOLIS,520110,9,n/d,GO,Goiás,Centro-Oeste,Brasil,333067,785.17,0.609,0.737,0.66,0.822,0.737
TEIXEIRA DE FREITAS,293135,8,n/d,BA,Bahia,Nordeste,Brasil,136656,560.73,0.503,0.685,0.588,0.8,0.683
NOVA VENÉCIA,320390,8,n/d,ES,Espírito Santo,Sudeste,Brasil,45632,592.06,0.473,0.712,0.621,0.841,0.692
ANDRADINA,350210,8,n/d,SP,São Paulo,Sudeste,Brasil,54242,919.36,0.58,0.779,0.702,0.885,0.762
ASSIS,350400,8,n/d,SP,São Paulo,Sudeste,Brasil,93038,967.39,0.689,0.805,0.781,0.865,0.771
COTIA,351300,8,RM São Paulo,SP,São Paulo,Sudeste,Brasil,199437,1085.66,0.639,0.78,0.707,0.851,0.789
ITU,352390,8,n/d,SP,São Paulo,Sudeste,Brasil,153310,1038.14,0.621,0.773,0.692,0.854,0.782
OURINHOS,353470,8,n/d,SP,São Paulo,Sudeste,Brasil,102702,868.91,0.601,0.778,0.727,0.859,0.753
SÃO CARLOS,354890,8,n/d,SP,São Paulo,Sudeste,Brasil,220666,1079.45,0.693,0.805,0.766,0.863,0.788
TABOÃO DA SERRA,355280,8,RM São Paulo,SP,São Paulo,Sudeste,Brasil,243983,812.19,0.653,0.769,0.71,0.863,0.742
CORNÉLIO PROCÓPIO,410640,8,n/d,PR,Paraná,Sul,Brasil,46608,828.19,0.593,0.759,0.692,0.848,0.746
GUARAPUAVA,410940,8,n/d,PR,Paraná,Sul,Brasil,165849,750.09,0.519,0.731,0.628,0.853,0.73
BRAÇO DO NORTE,420280,8,n/d,SC,Santa Catarina,Sul,Brasil,28879,831.77,0.59,0.778,0.716,0.881,0.746
CANOINHAS,420380,8,n/d,SC,Santa Catarina,Sul,Brasil,52405,692.87,0.567,0.757,0.692,0.874,0.717
ITAPEMA,420830,8,n/d,SC,Santa Catarina,Sul,Brasil,45573,1078.48,0.656,0.796,0.727,0.881,0.788
SÃO BENTO DO SUL,421580,8,n/d,SC,Santa Catarina,Sul,Brasil,74503,923.29,0.634,0.782,0.719,0.871,0.763
TIMBÓ,421820,8,n/d,SC,Santa Catarina,Sul,Brasil,36602,1214.03,0.601,0.784,0.697,0.856,0.807
ALVORADA,430060,8,RM Porto Alegre,RS,Rio Grande do Sul,Sul,Brasil,194977,600.48,0.563,0.699,0.564,0.874,0.694
CRUZ ALTA,430610,8,n/d,RS,Rio Grande do Sul,Sul,Brasil,62352,871.81,0.591,0.75,0.653,0.858,0.754
PASSO FUNDO,431410,8,n/d,RS,Rio Grande do Sul,Sul,Brasil,183407,1068.95,0.663,0.776,0.699,0.849,0.787
PELOTAS,431440,8,n/d,RS,Rio Grande do Sul,Sul,Brasil,326650,894.35,0.58,0.739,0.632,0.844,0.758
SANTA MARIA,431690,8,n/d,RS,Rio Grande do Sul,Sul,Brasil,258667,1127.25,0.683,0.784,0.715,0.848,0.795
RONDONÓPOLIS,510760,8,n/d,MT,Mato Grosso,Centro-Oeste,Brasil,193435,843.62,0.598,0.755,0.698,0.823,0.749
RIO VERDE,521880,8,n/d,GO,Goiás,Centro-Oeste,Brasil,175474,936.75,0.556,0.754,0.656,0.853,0.765
MACAPÁ,160030,7,n/d,AP,Amapá,Norte,Brasil,395465,717.88,0.679,0.733,0.663,0.82,0.723
MOSSORÓ,240800,7,n/d,RN,Rio Grande do Norte,Nordeste,Brasil,258460,600.28,0.565,0.72,0.663,0.811,0.694
ITABUNA,291480,7,n/d,BA,Bahia,Nordeste,Brasil,203181,605.12,0.576,0.712,0.643,0.807,0.695
CACHOEIRO DE ITAPEMIRIM,320120,7,n/d,ES,Espírito Santo,Sudeste,Brasil,188790,763.71,0.561,0.746,0.677,0.837,0.733
ITAPERUNA,330220,7,n/d,RJ,Rio de Janeiro,Sudeste,Brasil,94954,688.83,0.536,0.73,0.649,0.837,0.716
PETRÓPOLIS,330390,7,n/d,RJ,Rio de Janeiro,Sudeste,Brasil,294326,922.49,0.566,0.745,0.639,0.847,0.763
VOLTA REDONDA,330630,7,n/d,RJ,Rio de Janeiro,Sudeste,Brasil,257116,920.51,0.672,0.771,0.72,0.833,0.763
CARAPICUÍBA,351060,7,RM São Paulo,SP,São Paulo,Sudeste,Brasil,368909,712.78,0.6,0.749,0.693,0.842,0.721
FERNANDÓPOLIS,351550,7,n/d,SP,São Paulo,Sudeste,Brasil,64444,944.0,0.595,0.797,0.758,0.872,0.767
GUARATINGUETÁ,351840,7,n/d,SP,São Paulo,Sudeste,Brasil,111540,926.78,0.673,0.798,0.751,0.886,0.764
MOGI GUAÇU,353070,7,n/d,SP,São Paulo,Sudeste,Brasil,136821,802.19,0.598,0.774,0.736,0.852,0.74
POÁ,353980,7,RM São Paulo,SP,São Paulo,Sudeste,Brasil,105717,664.31,0.677,0.771,0.754,0.856,0.71
PRESIDENTE PRUDENTE,354140,7,n/d,SP,São Paulo,Sudeste,Brasil,205558,1080.22,0.674,0.806,0.774,0.858,0.788
APUCARANA,410140,7,n/d,PR,Paraná,Sul,Brasil,120486,804.81,0.548,0.748,0.668,0.845,0.741
CAMPO LARGO,410420,7,RM Curitiba,PR,Paraná,Sul,Brasil,111827,749.21,0.528,0.745,0.664,0.854,0.73
LARANJEIRAS DO SUL,411330,7,n/d,PR,Paraná,Sul,Brasil,30561,659.33,0.43,0.706,0.594,0.835,0.709
SÃO JOSÉ DOS PINHAIS,412550,7,RM Curitiba,PR,Paraná,Sul,Brasil,263194,846.93,0.617,0.758,0.678,0.859,0.749
BRUSQUE,420290,7,n/d,SC,Santa Catarina,Sul,Brasil,104887,1116.93,0.591,0.795,0.707,0.894,0.794
CONCÓRDIA,420430,7,n/d,SC,Santa Catarina,Sul,Brasil,68285,1009.49,0.599,0.8,0.756,0.872,0.777
INDAIAL,420750,7,n/d,SC,Santa Catarina,Sul,Brasil,54716,945.33,0.574,0.777,0.701,0.873,0.767
LAGUNA,420940,7,n/d,SC,Santa Catarina,Sul,Brasil,51471,684.42,0.536,0.752,0.682,0.871,0.715
VIDEIRA,421930,7,n/d,SC,Santa Catarina,Sul,Brasil,46820,978.07,0.592,0.764,0.675,0.857,0.772
BENTO GONÇALVES,430210,7,n/d,RS,Rio Grande do Sul,Sul,Brasil,106666,1196.56,0.614,0.778,0.695,0.842,0.805
GUAÍBA,430930,7,RM Porto Alegre,RS,Rio Grande do Sul,Sul,Brasil,95003,758.83,0.6,0.73,0.639,0.833,0.732
RIO GRANDE,431560,7,n/d,RS,Rio Grande do Sul,Sul,Brasil,195482,859.2,0.584,0.744,0.637,0.861,0.752
CORUMBÁ,500320,7,n/d,MS,Mato Grosso do Sul,Centro-Oeste,Brasil,102596,627.1,0.546,0.7,0.586,0.834,0.701
ARIQUEMES,110002,6,n/d,RO,Rondônia,Norte,Brasil,89766,689.95,0.514,0.702,0.6,0.806,0.716
BOA VISTA,140010,6,n/d,RR,Roraima,Norte,Brasil,281538,786.55,0.687,0.752,0.708,0.816,0.737
JUAZEIRO DO NORTE,230730,6,n/d,CE,Ceará,Nordeste,Brasil,248222,439.53,0.528,0.694,0.642,0.81,0.644
MARICÁ,330270,6,RM Rio de Janeiro,RJ,Rio de Janeiro,Sudeste,Brasil,127228,910.41,0.655,0.765,0.692,0.85,0.761
NOVA IGUAÇU,330350,6,RM Rio de Janeiro,RJ,Rio de Janeiro,Sudeste,Brasil,795259,591.0,0.604,0.713,0.641,0.818,0.691
TERESÓPOLIS,330580,6,n/d,RJ,Rio de Janeiro,Sudeste,Brasil,162971,859.79,0.531,0.73,0.605,0.855,0.752
BOTUCATU,350750,6,n/d,SP,São Paulo,Sudeste,Brasil,126813,1089.1,0.653,0.8,0.746,0.869,0.79
BRAGANÇA PAULISTA,350760,6,n/d,SP,São Paulo,Sudeste,Brasil,145407,974.08,0.623,0.776,0.704,0.861,0.772
CAÇAPAVA,350850,6,n/d,SP,São Paulo,Sudeste,Brasil,84377,871.87,0.659,0.788,0.755,0.858,0.754
CUBATÃO,351350,6,n/d,SP,São Paulo,Sudeste,Brasil,118004,689.21,0.593,0.737,0.681,0.821,0.716
FRANCA,351620,6,n/d,SP,São Paulo,Sudeste,Brasil,317558,846.57,0.631,0.78,0.753,0.842,0.749
GUARUJÁ,351870,6,n/d,SP,São Paulo,Sudeste,Brasil,290055,745.0,0.594,0.751,0.679,0.854,0.729
JAÚ,352530,6,n/d,SP,São Paulo,Sudeste,Brasil,130260,951.17,0.572,0.778,0.693,0.886,0.768
SANTANA DE PARNAÍBA,354730,6,RM São Paulo,SP,São Paulo,Sudeste,Brasil,108248,1858.69,0.657,0.814,0.725,0.849,0.876
SUZANO,355250,6,RM São Paulo,SP,São Paulo,Sudeste,Brasil,261357,654.61,0.62,0.765,0.723,0.873,0.708
FRANCISCO BELTRÃO,410840,6,n/d,PR,Paraná,Sul,Brasil,77938,895.36,0.609,0.774,0.726,0.844,0.758
BIGUAÇU,420230,6,n/d,SC,Santa Catarina,Sul,Brasil,58014,764.37,0.58,0.739,0.659,0.836,0.733
CAÇADOR,420300,6,n/d,SC,Santa Catarina,Sul,Brasil,70361,744.28,0.516,0.735,0.62,0.878,0.728
IMBITUBA,420730,6,n/d,SC,Santa Catarina,Sul,Brasil,39714,768.81,0.592,0.765,0.703,0.868,0.734
PALMITOS,421210,6,n/d,SC,Santa Catarina,Sul,Brasil,15987,887.5,0.435,0.737,0.632,0.836,0.757
BAGÉ,430160,6,n/d,RS,Rio Grande do Sul,Sul,Brasil,116108,795.56,0.585,0.74,0.647,0.848,0.739
GRAVATAÍ,430920,6,RM Porto Alegre,RS,Rio Grande do Sul,Sul,Brasil,254991,737.29,0.611,0.736,0.636,0.862,0.727
IJUÍ,431020,6,n/d,RS,Rio Grande do Sul,Sul,Brasil,77957,1066.65,0.586,0.781,0.707,0.858,0.786
LAJEADO,431140,6,n/d,RS,Rio Grande do Sul,Sul,Brasil,70819,1130.85,0.61,0.778,0.704,0.84,0.796
MONTENEGRO,431240,6,RM Porto Alegre,RS,Rio Grande do Sul,Sul,Brasil,58537,914.23,0.575,0.755,0.654,0.866,0.761
SANTA CRUZ DO SUL,431680,6,n/d,RS,Rio Grande do Sul,Sul,Brasil,117169,1036.87,0.619,0.773,0.693,0.852,0.782
TORRES,432150,6,n/d,RS,Rio Grande do Sul,Sul,Brasil,34446,853.62,0.584,0.762,0.685,0.862,0.75
NOVA ANDRADINA,500620,6,n/d,MS,Mato Grosso do Sul,Centro-Oeste,Brasil,44985,688.15,0.496,0.721,0.616,0.85,0.716
TRÊS LAGOAS,500830,6,n/d,MS,Mato Grosso do Sul,Centro-Oeste,Brasil,101171,863.66,0.579,0.744,0.645,0.849,0.752
ALTA FLORESTA,510025,6,n/d,MT,Mato Grosso,Centro-Oeste,Brasil,48593,660.84,0.496,0.714,0.629,0.817,0.709
VÁRZEA GRANDE,510840,6,n/d,MT,Mato Grosso,Centro-Oeste,Brasil,251845,668.86,0.604,0.734,0.661,0.842,0.711
CALDAS NOVAS,520450,6,n/d,GO,Goiás,Centro-Oeste,Brasil,69852,794.78,0.573,0.733,0.64,0.832,0.739
SENADOR CANEDO,522045,6,n/d,GO,Goiás,Centro-Oeste,Brasil,84279,537.58,0.538,0.701,0.617,0.827,0.676
ROLIM DE MOURA,110028,5,n/d,RO,Rondônia,Norte,Brasil,50379,657.65,0.474,0.7,0.598,0.808,0.709
VILHENA,110030,5,n/d,RO,Rondônia,Norte,Brasil,75614,768.98,0.554,0.731,0.659,0.808,0.734
PARAUAPEBAS,150553,5,n/d,PA,Pará,Norte,Brasil,153443,627.61,0.603,0.715,0.644,0.809,0.701
SANTARÉM,150680,5,n/d,PA,Pará,Norte,Brasil,293064,409.07,0.569,0.691,0.648,0.807,0.632
JEQUIÉ,291800,5,n/d,BA,Bahia,Nordeste,Brasil,150577,473.92,0.49,0.665,0.568,0.79,0.656
GUARAPARI,320240,5,n/d,ES,Espírito Santo,Sudeste,Brasil,104656,830.51,0.564,0.731,0.626,0.837,0.746
ANGRA DOS REIS,330010,5,n/d,RJ,Rio de Janeiro,Sudeste,Brasil,168814,798.68,0.554,0.724,0.605,0.846,0.74
BARRA MANSA,330040,5,n/d,RJ,Rio de Janeiro,Sudeste,Brasil,177326,705.1,0.582,0.729,0.657,0.819,0.72
CAMPOS DOS GOYTACAZES,330100,5,n/d,RJ,Rio de Janeiro,Sudeste,Brasil,460592,682.59,0.555,0.716,0.619,0.83,0.715
MACAÉ,330240,5,n/d,RJ,Rio de Janeiro,Sudeste,Brasil,206005,1103.42,0.678,0.764,0.681,0.828,0.792
MIGUEL PEREIRA,330290,5,n/d,RJ,Rio de Janeiro,Sudeste,Brasil,24530,801.63,0.561,0.745,0.675,0.828,0.74
RESENDE,330420,5,n/d,RJ,Rio de Janeiro,Sudeste,Brasil,119435,915.21,0.664,0.768,0.709,0.839,0.762
SANTO ANTÔNIO DE PÁDUA,330470,5,n/d,RJ,Rio de Janeiro,Sudeste,Brasil,40460,657.53,0.516,0.718,0.648,0.806,0.709
ARAÇATUBA,350280,5,n/d,SP,São Paulo,Sudeste,Brasil,180537,1036.09,0.643,0.788,0.744,0.841,0.782
ATIBAIA,350410,5,n/d,SP,São Paulo,Sudeste,Brasil,125501,1063.52,0.58,0.765,0.67,0.851,0.786
GUAÍRA,351740,5,n/d,SP,São Paulo,Sudeste,Brasil,37339,901.23,0.512,0.753,0.683,0.824,0.759
ITANHAÉM,352210,5,n/d,SP,São Paulo,Sudeste,Brasil,86728,690.67,0.589,0.745,0.701,0.823,0.716
ITAPETININGA,352230,5,n/d,SP,São Paulo,Sudeste,Brasil,140581,741.64,0.598,0.763,0.705,0.864,0.728
ITAPIRA,352260,5,n/d,SP,São Paulo,Sudeste,Brasil,67517,849.81,0.558,0.762,0.692,0.852,0.75
JACAREÍ,352440,5,n/d,SP,São Paulo,Sudeste,Brasil,210767,846.53,0.66,0.777,0.749,0.837,0.749
PINDAMONHANGABA,353800,5,n/d,SP,São Paulo,Sudeste,Brasil,146392,826.02,0.663,0.773,0.736,0.843,0.745
REGISTRO,354260,5,n/d,SP,São Paulo,Sudeste,Brasil,54129,699.41,0.572,0.754,0.702,0.851,0.718
CAMPO MOURÃO,410430,5,n/d,PR,Paraná,Sul,Brasil,86898,843.42,0.575,0.757,0.689,0.841,0.749
CIANORTE,410550,5,n/d,PR,Paraná,Sul,Brasil,69698,837.13,0.549,0.755,0.685,0.841,0.747
PATO BRANCO,411850,5,n/d,PR,Paraná,Sul,Brasil,71860,1013.22,0.627,0.782,0.728,0.845,0.778
CAPINZAL,420390,5,n/d,SC,Santa Catarina,Sul,Brasil,20648,811.66,0.518,0.752,0.659,0.869,0.742
NAVEGANTES,421130,5,n/d,SC,Santa Catarina,Sul,Brasil,60411,756.39,0.529,0.736,0.624,0.873,0.731
POMERODE,421320,5,n/d,SC,Santa Catarina,Sul,Brasil,27548,1022.91,0.558,0.78,0.687,0.886,0.78
SEARA,421750,5,n/d,SC,Santa Catarina,Sul,Brasil,16884,1188.18,0.505,0.779,0.674,0.872,0.804
SOMBRIO,421770,5,n/d,SC,Santa Catarina,Sul,Brasil,26590,746.69,0.475,0.728,0.617,0.858,0.729
TAIÓ,421780,5,n/d,SC,Santa Catarina,Sul,Brasil,17065,848.34,0.491,0.761,0.67,0.879,0.749
XANXERÊ,421950,5,n/d,SC,Santa Catarina,Sul,Brasil,43612,906.11,0.593,0.775,0.711,0.861,0.76
ARROIO GRANDE,430130,5,n/d,RS,Rio Grande do Sul,Sul,Brasil,18364,528.13,0.409,0.657,0.522,0.807,0.673
CARAZINHO,430470,5,n/d,RS,Rio Grande do Sul,Sul,Brasil,58825,881.73,0.621,0.766,0.707,0.84,0.756
ERECHIM,430700,5,n/d,RS,Rio Grande do Sul,Sul,Brasil,95232,1038.39,0.629,0.776,0.716,0.833,0.782
ROSÁRIO DO SUL,431640,5,n/d,RS,Rio Grande do Sul,Sul,Brasil,39469,643.97,0.483,0.699,0.576,0.841,0.705
SÃO GABRIEL,431830,5,n/d,RS,Rio Grande do Sul,Sul,Brasil,59422,667.06,0.475,0.699,0.585,0.822,0.711
SAPIRANGA,431990,5,RM Porto Alegre,RS,Rio Grande do Sul,Sul,Brasil,74784,713.99,0.46,0.711,0.598,0.832,0.722
URUGUAIANA,432240,5,n/d,RS,Rio Grande do Sul,Sul,Brasil,124283,714.26,0.606,0.744,0.661,0.863,0.722
COXIM,500330,5,n/d,MS,Mato Grosso do Sul,Centro-Oeste,Brasil,32041,703.01,0.45,0.703,0.579,0.836,0.719
CÁCERES,510250,5,n/d,MT,Mato Grosso,Centro-Oeste,Brasil,87269,590.43,0.525,0.708,0.633,0.813,0.691
LUCAS DO RIO VERDE,510525,5,n/d,MT,Mato Grosso,Centro-Oeste,Brasil,45306,938.65,0.624,0.768,0.71,0.833,0.766
SINOP,510790,5,n/d,MT,Mato Grosso,Centro-Oeste,Brasil,112124,877.68,0.571,0.754,0.682,0.832,0.755
TANGARÁ DA SERRA,510795,5,n/d,MT,Mato Grosso,Centro-Oeste,Brasil,82699,846.59,0.522,0.729,0.626,0.825,0.749
FORMOSA,520800,5,RIDE DF,GO,Goiás,Centro-Oeste,Brasil,98932,732.24,0.561,0.744,0.666,0.852,0.726
GOIANÉSIA,520860,5,n/d,GO,Goiás,Centro-Oeste,Brasil,59125,701.38,0.472,0.727,0.636,0.84,0.719
ITUMBIARA,521150,5,n/d,GO,Goiás,Centro-Oeste,Brasil,92229,821.43,0.556,0.752,0.682,0.838,0.744
GURUPI,170950,4,n/d,TO,Tocantins,Norte,Brasil,76292,778.9,0.655,0.759,0.706,0.843,0.736
GARANHUNS,260600,4,n/d,PE,Pernambuco,Nordeste,Brasil,128786,492.44,0.466,0.664,0.556,0.795,0.662
BARREIRAS,290320,4,n/d,BA,Bahia,Nordeste,Brasil,136670,602.82,0.596,0.721,0.668,0.807,0.695
CANDEIAS,290650,4,RM Salvador,BA,Bahia,Nordeste,Brasil,82844,462.57,0.563,0.691,0.616,0.823,0.652
JUAZEIRO,291840,4,n/d,BA,Bahia,Nordeste,Brasil,197031,476.58,0.511,0.677,0.594,0.796,0.657
VITÓRIA DA CONQUISTA,293330,4,n/d,BA,Bahia,Nordeste,Brasil,304599,555.66,0.493,0.678,0.581,0.788,0.681
COLATINA,320150,4,n/d,ES,Espírito Santo,Sudeste,Brasil,110795,788.29,0.528,0.746,0.668,0.841,0.738
CASIMIRO DE ABREU,330130,4,n/d,RJ,Rio de Janeiro,Sudeste,Brasil,35180,768.45,0.568,0.726,0.642,0.811,0.734
ITAGUAÍ,330200,4,RM Rio de Janeiro,RJ,Rio de Janeiro,Sudeste,Brasil,108802,635.5,0.575,0.715,0.638,0.814,0.703
MAGÉ,330250,4,RM Rio de Janeiro,RJ,Rio de Janeiro,Sudeste,Brasil,226225,567.59,0.545,0.709,0.626,0.832,0.685
NOVA FRIBURGO,330340,4,n/d,RJ,Rio de Janeiro,Sudeste,Brasil,181153,894.75,0.55,0.745,0.645,0.846,0.758
PARAÍBA DO SUL,330370,4,n/d,RJ,Rio de Janeiro,Sudeste,Brasil,40927,613.56,0.527,0.702,0.61,0.812,0.697
RIO DAS OSTRAS,330452,4,n/d,RJ,Rio de Janeiro,Sudeste,Brasil,104951,1051.19,0.665,0.773,0.689,0.854,0.784
SÃO JOÃO DE MERITI,330510,4,RM Rio de Janeiro,RJ,Rio de Janeiro,Sudeste,Brasil,458238,597.57,0.614,0.719,0.646,0.831,0.693
SAQUAREMA,330550,4,n/d,RJ,Rio de Janeiro,Sudeste,Brasil,73920,681.62,0.566,0.709,0.621,0.804,0.714
ADAMANTINA,350010,4,n/d,SP,São Paulo,Sudeste,Brasil,33490,975.43,0.608,0.79,0.75,0.852,0.772
AGUAÍ,350030,4,n/d,SP,São Paulo,Sudeste,Brasil,32089,636.07,0.467,0.715,0.606,0.858,0.703
AMERICANA,350160,4,n/d,SP,São Paulo,Sudeste,Brasil,209811,1161.68,0.651,0.811,0.76,0.876,0.8
AVARÉ,350450,4,n/d,SP,São Paulo,Sudeste,Brasil,80833,854.42,0.582,0.767,0.695,0.866,0.751
BEBEDOURO,350610,4,n/d,SP,São Paulo,Sudeste,Brasil,74728,881.64,0.594,0.78,0.735,0.853,0.756
CÂNDIDO MOTA,351000,4,n/d,SP,São Paulo,Sudeste,Brasil,29731,627.55,0.532,0.747,0.704,0.845,0.701
CAPIVARI,351040,4,n/d,SP,São Paulo,Sudeste,Brasil,47858,820.46,0.547,0.75,0.669,0.848,0.744
CARAGUATATUBA,351050,4,n/d,SP,São Paulo,Sudeste,Brasil,99908,773.99,0.609,0.759,0.705,0.845,0.735
CATANDUVA,351110,4,n/d,SP,São Paulo,Sudeste,Brasil,112210,945.05,0.611,0.785,0.74,0.853,0.767
DIADEMA,351380,4,RM São Paulo,SP,São Paulo,Sudeste,Brasil,385473,694.55,0.627,0.757,0.716,0.844,0.717
ITUVERAVA,352410,4,n/d,SP,São Paulo,Sudeste,Brasil,38583,950.39,0.573,0.765,0.694,0.841,0.768
JABOTICABAL,352430,4,n/d,SP,São Paulo,Sudeste,Brasil,70863,1015.51,0.597,0.778,0.71,0.851,0.778
LIMEIRA,352690,4,n/d,SP,São Paulo,Sudeste,Brasil,275032,910.85,0.61,0.775,0.719,0.852,0.761
MAUÁ,352940,4,RM São Paulo,SP,São Paulo,Sudeste,Brasil,415015,709.25,0.641,0.766,0.733,0.852,0.721
PARAGUAÇU PAULISTA,353550,4,n/d,SP,São Paulo,Sudeste,Brasil,40879,694.42,0.577,0.762,0.739,0.836,0.717
PERUÍBE,353760,4,n/d,SP,São Paulo,Sudeste,Brasil,59434,753.85,0.576,0.749,0.675,0.854,0.73
RIBEIRÃO PIRES,354330,4,RM São Paulo,SP,São Paulo,Sudeste,Brasil,112775,847.11,0.684,0.784,0.76,0.847,0.749
SALTO,354520,4,n/d,SP,São Paulo,Sudeste,Brasil,105198,876.67,0.632,0.78,0.751,0.837,0.755
SÃO JOÃO DA BOA VISTA,354910,4,n/d,SP,São Paulo,Sudeste,Brasil,83244,998.31,0.624,0.797,0.749,0.871,0.776
TATUÍ,355400,4,n/d,SP,São Paulo,Sudeste,Brasil,106912,771.05,0.57,0.752,0.688,0.842,0.734
TUPÃ,355500,4,n/d,SP,São Paulo,Sudeste,Brasil,62563,926.96,0.587,0.771,0.704,0.852,0.764
VALINHOS,355620,4,n/d,SP,São Paulo,Sudeste,Brasil,106411,1570.91,0.673,0.819,0.763,0.85,0.848
GOIOERÊ,410860,4,n/d,PR,Paraná,Sul,Brasil,28869,707.58,0.49,0.731,0.639,0.85,0.72
GUAÍRA,410880,4,n/d,PR,Paraná,Sul,Brasil,30447,795.84,0.482,0.724,0.615,0.836,0.739
IRATI,411070,4,n/d,PR,Paraná,Sul,Brasil,55969,685.81,0.476,0.726,0.64,0.835,0.715
LAPA,411320,4,RM Curitiba,PR,Paraná,Sul,Brasil,44798,608.6,0.448,0.706,0.595,0.848,0.696
MEDIANEIRA,411580,4,n/d,PR,Paraná,Sul,Brasil,41568,914.67,0.546,0.763,0.686,0.849,0.762
PALOTINA,411790,4,n/d,PR,Paraná,Sul,Brasil,28550,904.85,0.569,0.768,0.689,0.864,0.76
PINHAIS,411915,4,RM Curitiba,PR,Paraná,Sul,Brasil,116153,911.51,0.604,0.751,0.666,0.836,0.761
RIO BRANCO DO SUL,412220,4,RM Curitiba,PR,Paraná,Sul,Brasil,30647,548.8,0.414,0.679,0.545,0.847,0.679
TOLEDO,412770,4,n/d,PR,Paraná,Sul,Brasil,118908,876.72,0.586,0.768,0.702,0.855,0.755
UNIÃO DA VITÓRIA,412820,4,n/d,PR,Paraná,Sul,Brasil,52491,674.29,0.562,0.74,0.68,0.837,0.713
CAPIVARI DE BAIXO,420395,4,n/d,SC,Santa Catarina,Sul,Brasil,21618,723.04,0.615,0.767,0.716,0.87,0.724
IÇARA,420700,4,n/d,SC,Santa Catarina,Sul,Brasil,58666,759.54,0.511,0.741,0.645,0.861,0.732
ITUPORANGA,420850,4,n/d,SC,Santa Catarina,Sul,Brasil,22157,844.05,0.458,0.748,0.638,0.876,0.749
JAGUARUNA,420880,4,n/d,SC,Santa Catarina,Sul,Brasil,17280,701.05,0.446,0.721,0.628,0.83,0.719
PAPANDUVA,421220,4,n/d,SC,Santa Catarina,Sul,Brasil,17882,589.35,0.394,0.704,0.603,0.836,0.691
PORTO UNIÃO,421360,4,n/d,SC,Santa Catarina,Sul,Brasil,33342,864.41,0.593,0.786,0.724,0.891,0.752
SÃO FRANCISCO DO SUL,421620,4,n/d,SC,Santa Catarina,Sul,Brasil,42245,801.49,0.634,0.762,0.699,0.856,0.74
SÃO JOAQUIM,421650,4,n/d,SC,Santa Catarina,Sul,Brasil,24778,641.75,0.457,0.687,0.562,0.817,0.705
ALEGRETE,430040,4,n/d,RS,Rio Grande do Sul,Sul,Brasil,76994,705.29,0.567,0.74,0.664,0.849,0.72
CAÇAPAVA DO SUL,430280,4,n/d,RS,Rio Grande do Sul,Sul,Brasil,33339,618.98,0.456,0.704,0.585,0.855,0.699
CACHOEIRA DO SUL,430300,4,n/d,RS,Rio Grande do Sul,Sul,Brasil,83072,793.67,0.539,0.742,0.648,0.854,0.739
CANELA,430440,4,n/d,RS,Rio Grande do Sul,Sul,Brasil,38874,787.78,0.562,0.748,0.667,0.849,0.738
CAPÃO DA CANOA,430463,4,n/d,RS,Rio Grande do Sul,Sul,Brasil,41830,884.47,0.585,0.743,0.637,0.852,0.756
ENCANTADO,430680,4,n/d,RS,Rio Grande do Sul,Sul,Brasil,20415,931.47,0.542,0.767,0.687,0.858,0.764
ESTÂNCIA VELHA,430760,4,RM Porto Alegre,RS,Rio Grande do Sul,Sul,Brasil,42455,848.45,0.543,0.757,0.652,0.887,0.749
FLORES DA CUNHA,430820,4,n/d,RS,Rio Grande do Sul,Sul,Brasil,27005,1062.06,0.519,0.754,0.642,0.849,0.786
FREDERICO WESTPHALEN,430850,4,n/d,RS,Rio Grande do Sul,Sul,Brasil,28568,875.03,0.55,0.76,0.688,0.846,0.754
HORIZONTINA,430960,4,n/d,RS,Rio Grande do Sul,Sul,Brasil,18290,1037.04,0.587,0.783,0.716,0.858,0.782
IBIRUBÁ,431000,4,n/d,RS,Rio Grande do Sul,Sul,Brasil,19187,1062.3,0.511,0.765,0.671,0.848,0.786
IVOTI,431080,4,RM Porto Alegre,RS,Rio Grande do Sul,Sul,Brasil,19764,1025.02,0.606,0.784,0.729,0.848,0.78
NOVA PETRÓPOLIS,431320,4,n/d,RS,Rio Grande do Sul,Sul,Brasil,18852,994.67,0.522,0.78,0.688,0.89,0.775
OSÓRIO,431350,4,n/d,RS,Rio Grande do Sul,Sul,Brasil,40807,957.94,0.567,0.751,0.646,0.853,0.769
PANAMBI,431390,4,n/d,RS,Rio Grande do Sul,Sul,Brasil,37837,864.44,0.574,0.761,0.691,0.848,0.752
RESTINGA SECA,431550,4,n/d,RS,Rio Grande do Sul,Sul,Brasil,15743,660.14,0.419,0.683,0.542,0.828,0.709
SANTO ÂNGELO,431750,4,n/d,RS,Rio Grande do Sul,Sul,Brasil,75626,936.27,0.58,0.772,0.696,0.863,0.765
SÃO PEDRO DO SUL,431940,4,n/d,RS,Rio Grande do Sul,Sul,Brasil,16314,614.89,0.447,0.709,0.619,0.824,0.698
SÃO SEPÉ,431960,4,n/d,RS,Rio Grande do Sul,Sul,Brasil,23625,656.77,0.43,0.708,0.576,0.871,0.708
TRAMANDAÍ,432160,4,n/d,RS,Rio Grande do Sul,Sul,Brasil,41406,737.84,0.534,0.719,0.606,0.842,0.727
TRÊS PASSOS,432190,4,n/d,RS,Rio Grande do Sul,Sul,Brasil,23429,823.33,0.555,0.768,0.71,0.858,0.745
TRIUNFO,432200,4,RM Porto Alegre,RS,Rio Grande do Sul,Sul,Brasil,25715,695.08,0.494,0.733,0.629,0.873,0.717
BARRA DO GARÇAS,510180,4,n/d,MT,Mato Grosso,Centro-Oeste,Brasil,56419,789.99,0.604,0.748,0.693,0.817,0.738
CACOAL,110004,3,n/d,RO,Rondônia,Norte,Brasil,78141,738.06,0.488,0.718,0.62,0.821,0.727
MARABÁ,150420,3,n/d,PA,Pará,Norte,Brasil,232030,527.86,0.508,0.668,0.564,0.785,0.673
QUIXERAMOBIM,231140,3,n/d,CE,Ceará,Nordeste,Brasil,71409,317.45,0.405,0.642,0.567,0.789,0.592
CAMPINA GRANDE,250400,3,n/d,PB,Paraíba,Nordeste,Brasil,382571,630.03,0.574,0.72,0.654,0.812,0.702
ARAPIRACA,270030,3,n/d,AL,Alagoas,Nordeste,Brasil,212874,423.28,0.42,0.649,0.549,0.78,0.638
ALAGOINHAS,290070,3,n/d,BA,Bahia,Nordeste,Brasil,141312,553.17,0.575,0.683,0.592,0.79,0.681
CAMAÇARI,290570,3,RM Salvador,BA,Bahia,Nordeste,Brasil,242015,553.18,0.578,0.694,0.616,0.798,0.681
GUANAMBI,291170,3,n/d,BA,Bahia,Nordeste,Brasil,78399,496.05,0.455,0.673,0.584,0.789,0.663
IRECÊ,291460,3,n/d,BA,Bahia,Nordeste,Brasil,65844,488.15,0.514,0.691,0.643,0.776,0.661
PORTO SEGURO,292530,3,n/d,BA,Bahia,Nordeste,Brasil,125914,527.04,0.499,0.676,0.572,0.801,0.673
ANCHIETA,320040,3,n/d,ES,Espírito Santo,Sudeste,Brasil,23799,608.42,0.526,0.73,0.654,0.856,0.696
LINHARES,320320,3,n/d,ES,Espírito Santo,Sudeste,Brasil,139823,711.38,0.531,0.724,0.63,0.834,0.721
PINHEIROS,320410,3,n/d,ES,Espírito Santo,Sudeste,Brasil,23809,509.45,0.377,0.673,0.558,0.816,0.668
SÃO GABRIEL DA PALHA,320470,3,n/d,ES,Espírito Santo,Sudeste,Brasil,31623,792.54,0.445,0.709,0.578,0.835,0.739
SÃO MATEUS,320490,3,n/d,ES,Espírito Santo,Sudeste,Brasil,108223,699.99,0.557,0.735,0.655,0.843,0.719
SERRA,320500,3,n/d,ES,Espírito Santo,Sudeste,Brasil,407614,705.89,0.614,0.739,0.664,0.844,0.72
ARMAÇÃO DOS BÚZIOS,330023,3,n/d,RJ,Rio de Janeiro,Sudeste,Brasil,27276,851.39,0.58,0.728,0.624,0.824,0.75
ARRAIAL DO CABO,330025,3,n/d,RJ,Rio de Janeiro,Sudeste,Brasil,27627,714.47,0.627,0.733,0.677,0.805,0.722
CORDEIRO,330150,3,n/d,RJ,Rio de Janeiro,Sudeste,Brasil,20407,724.29,0.581,0.729,0.649,0.826,0.724
MANGARATIBA,330260,3,n/d,RJ,Rio de Janeiro,Sudeste,Brasil,36300,832.15,0.63,0.753,0.676,0.845,0.746
MESQUITA,330285,3,RM Rio de Janeiro,RJ,Rio de Janeiro,Sudeste,Brasil,168234,640.37,0.662,0.737,0.678,0.839,0.704
PORCIÚNCULA,330410,3,n/d,RJ,Rio de Janeiro,Sudeste,Brasil,17686,615.63,0.472,0.697,0.606,0.802,0.698
RIO BONITO,330430,3,RM Rio de Janeiro,RJ,Rio de Janeiro,Sudeste,Brasil,54869,643.54,0.525,0.71,0.62,0.819,0.705
SÃO JOÃO DA BARRA,330500,3,n/d,RJ,Rio de Janeiro,Sudeste,Brasil,32518,570.38,0.426,0.671,0.551,0.8,0.686
TRÊS RIOS,330600,3,n/d,RJ,Rio de Janeiro,Sudeste,Brasil,77133,726.83,0.597,0.725,0.656,0.801,0.725
VALENÇA,330610,3,n/d,RJ,Rio de Janeiro,Sudeste,Brasil,71332,675.62,0.581,0.738,0.666,0.848,0.713
ARARAS,350330,3,n/d,SP,São Paulo,Sudeste,Brasil,117824,921.76,0.617,0.781,0.728,0.859,0.763
BERTIOGA,350635,3,n/d,SP,São Paulo,Sudeste,Brasil,47239,736.03,0.542,0.73,0.654,0.817,0.727
CAIEIRAS,350900,3,RM São Paulo,SP,São Paulo,Sudeste,Brasil,86294,800.15,0.644,0.781,0.749,0.861,0.74
CAMPO LIMPO PAULISTA,350960,3,n/d,SP,São Paulo,Sudeste,Brasil,73614,767.85,0.637,0.769,0.739,0.84,0.733
CERQUILHO,351150,3,n/d,SP,São Paulo,Sudeste,Brasil,39409,894.52,0.606,0.782,0.739,0.854,0.758
CONCHAS,351230,3,n/d,SP,São Paulo,Sudeste,Brasil,16191,730.42,0.491,0.736,0.658,0.837,0.725
ESPÍRITO SANTO DO PINHAL,351518,3,n/d,SP,São Paulo,Sudeste,Brasil,41568,1048.6,0.575,0.787,0.712,0.872,0.784
GUARAREMA,351830,3,RM São Paulo,SP,São Paulo,Sudeste,Brasil,25691,748.79,0.551,0.731,0.656,0.817,0.729
IBIÚNA,351970,3,n/d,SP,São Paulo,Sudeste,Brasil,70850,624.55,0.433,0.71,0.614,0.832,0.7
ITAPEVA,352240,3,n/d,SP,São Paulo,Sudeste,Brasil,87462,630.48,0.546,0.732,0.697,0.803,0.702
ITAPEVI,352250,3,RM São Paulo,SP,São Paulo,Sudeste,Brasil,200590,575.72,0.554,0.735,0.677,0.855,0.687
ITAQUAQUECETUBA,352310,3,RM São Paulo,SP,São Paulo,Sudeste,Brasil,321198,502.85,0.542,0.714,0.648,0.844,0.665
ITATIBA,352340,3,n/d,SP,São Paulo,Sudeste,Brasil,101022,1080.74,0.599,0.778,0.708,0.844,0.788
JALES,352480,3,n/d,SP,São Paulo,Sudeste,Brasil,46877,850.11,0.567,0.776,0.73,0.855,0.75
JANDIRA,352500,3,RM São Paulo,SP,São Paulo,Sudeste,Brasil,108193,792.33,0.609,0.76,0.706,0.841,0.738
JARDINÓPOLIS,352510,3,n/d,SP,São Paulo,Sudeste,Brasil,37596,742.74,0.537,0.735,0.64,0.853,0.728
JARINU,352520,3,n/d,SP,São Paulo,Sudeste,Brasil,23797,718.61,0.508,0.733,0.659,0.826,0.723
JOSÉ BONIFÁCIO,352570,3,n/d,SP,São Paulo,Sudeste,Brasil,32661,863.34,0.542,0.777,0.717,0.869,0.752
LEME,352670,3,n/d,SP,São Paulo,Sudeste,Brasil,91255,746.15,0.511,0.744,0.665,0.851,0.729
MIRASSOL,353030,3,n/d,SP,São Paulo,Sudeste,Brasil,53576,841.27,0.577,0.762,0.698,0.846,0.748
MONTE ALTO,353130,3,n/d,SP,São Paulo,Sudeste,Brasil,46499,832.6,0.546,0.768,0.707,0.859,0.746
PEDREIRA,353710,3,n/d,SP,São Paulo,Sudeste,Brasil,41401,853.76,0.574,0.769,0.701,0.864,0.75
PRAIA GRANDE,354100,3,n/d,SP,São Paulo,Sudeste,Brasil,261424,820.97,0.633,0.754,0.692,0.834,0.744
RIO DAS PEDRAS,354400,3,n/d,SP,São Paulo,Sudeste,Brasil,29409,804.0,0.602,0.759,0.7,0.842,0.741
SANTA CRUZ DO RIO PARDO,354640,3,n/d,SP,São Paulo,Sudeste,Brasil,43593,818.3,0.544,0.762,0.686,0.867,0.744
SANTO ANTÔNIO DE POSSE,354800,3,n/d,SP,São Paulo,Sudeste,Brasil,20591,695.67,0.426,0.702,0.576,0.838,0.718
SÃO JOSÉ DO RIO PARDO,354970,3,n/d,SP,São Paulo,Sudeste,Brasil,51528,818.61,0.563,0.774,0.717,0.868,0.744
SÃO PEDRO,355040,3,n/d,SP,São Paulo,Sudeste,Brasil,31561,803.02,0.539,0.755,0.674,0.863,0.741
SÃO VICENTE,355100,3,n/d,SP,São Paulo,Sudeste,Brasil,330341,789.32,0.65,0.768,0.716,0.857,0.738
TREMEMBÉ,355480,3,n/d,SP,São Paulo,Sudeste,Brasil,37302,959.88,0.637,0.785,0.72,0.873,0.769
VARGEM GRANDE DO SUL,355640,3,n/d,SP,São Paulo,Sudeste,Brasil,39159,711.6,0.469,0.737,0.643,0.863,0.721
VINHEDO,355670,3,n/d,SP,São Paulo,Sudeste,Brasil,63120,1493.32,0.666,0.817,0.739,0.878,0.84
ALMIRANTE TAMANDARÉ,410040,3,RM Curitiba,PR,Paraná,Sul,Brasil,103008,646.02,0.496,0.699,0.575,0.84,0.706
ASSIS CHATEAUBRIAND,410200,3,n/d,PR,Paraná,Sul,Brasil,32901,676.1,0.467,0.729,0.633,0.857,0.713
JACAREZINHO,411180,3,n/d,PR,Paraná,Sul,Brasil,38787,770.55,0.576,0.743,0.663,0.844,0.734
MARECHAL CÂNDIDO RONDON,411460,3,n/d,PR,Paraná,Sul,Brasil,46592,1036.38,0.563,0.774,0.704,0.842,0.782
PARANAGUÁ,411820,3,n/d,PR,Paraná,Sul,Brasil,139894,765.85,0.592,0.75,0.676,0.852,0.733
SÃO MIGUEL DO IGUAÇU,412570,3,n/d,PR,Paraná,Sul,Brasil,25649,734.88,0.414,0.704,0.588,0.818,0.726
TELÊMACO BORBA,412710,3,n/d,PR,Paraná,Sul,Brasil,69602,732.78,0.54,0.734,0.657,0.828,0.726
WENCESLAU BRAZ,412850,3,n/d,PR,Paraná,Sul,Brasil,19117,594.42,0.436,0.687,0.594,0.79,0.692
CAMPOS NOVOS,420360,3,n/d,SC,Santa Catarina,Sul,Brasil,32596,708.77,0.522,0.742,0.658,0.861,0.721
DIONÍSIO CERQUEIRA,420500,3,n/d,SC,Santa Catarina,Sul,Brasil,14753,636.41,0.41,0.706,0.61,0.82,0.703
GASPAR,420590,3,n/d,SC,Santa Catarina,Sul,Brasil,57615,964.36,0.558,0.765,0.655,0.889,0.77
MARAVILHA,421050,3,n/d,SC,Santa Catarina,Sul,Brasil,21897,896.02,0.562,0.781,0.708,0.886,0.758
PIRATUBA,421310,3,n/d,SC,Santa Catarina,Sul,Brasil,4773,779.57,0.485,0.758,0.714,0.829,0.736
RIO DO CAMPO,421450,3,n/d,SC,Santa Catarina,Sul,Brasil,6186,803.46,0.441,0.729,0.65,0.803,0.741
RIO NEGRINHO,421500,3,n/d,SC,Santa Catarina,Sul,Brasil,39723,664.58,0.537,0.738,0.668,0.848,0.71
RODEIO,421510,3,n/d,SC,Santa Catarina,Sul,Brasil,10871,958.15,0.447,0.754,0.626,0.889,0.769
TRÊS BARRAS,421830,3,n/d,SC,Santa Catarina,Sul,Brasil,18091,539.69,0.514,0.706,0.639,0.814,0.677
XAXIM,421970,3,n/d,SC,Santa Catarina,Sul,Brasil,25674,783.29,0.494,0.752,0.662,0.871,0.737
CAMPO BOM,430390,3,RM Porto Alegre,RS,Rio Grande do Sul,Sul,Brasil,59572,879.65,0.52,0.745,0.643,0.852,0.755
CANDELÁRIA,430420,3,n/d,RS,Rio Grande do Sul,Sul,Brasil,29867,620.92,0.377,0.674,0.521,0.842,0.699
ESTRELA,430780,3,n/d,RS,Rio Grande do Sul,Sul,Brasil,30512,1002.78,0.578,0.767,0.684,0.85,0.776
GARIBALDI,430860,3,n/d,RS,Rio Grande do Sul,Sul,Brasil,30501,1355.37,0.58,0.786,0.688,0.856,0.825
GRAMADO,430910,3,n/d,RS,Rio Grande do Sul,Sul,Brasil,31974,1045.52,0.575,0.764,0.662,0.861,0.783
IGREJINHA,431010,3,RM Porto Alegre,RS,Rio Grande do Sul,Sul,Brasil,31455,848.23,0.444,0.721,0.571,0.876,0.749
MARAU,431180,3,n/d,RS,Rio Grande do Sul,Sul,Brasil,36196,980.92,0.61,0.774,0.699,0.857,0.773
PALMEIRA DAS MISSÕES,431370,3,n/d,RS,Rio Grande do Sul,Sul,Brasil,33927,715.29,0.526,0.737,0.667,0.831,0.722
QUARAÍ,431530,3,n/d,RS,Rio Grande do Sul,Sul,Brasil,22926,528.64,0.505,0.704,0.609,0.852,0.673
SANTA ROSA,431720,3,n/d,RS,Rio Grande do Sul,Sul,Brasil,68021,863.61,0.597,0.769,0.693,0.871,0.752
SANTIAGO,431740,3,n/d,RS,Rio Grande do Sul,Sul,Brasil,48579,828.78,0.578,0.766,0.682,0.882,0.746
SÃO BORJA,431800,3,n/d,RS,Rio Grande do Sul,Sul,Brasil,61136,705.72,0.527,0.736,0.643,0.86,0.72
SÃO JERÔNIMO,431840,3,RM Porto Alegre,RS,Rio Grande do Sul,Sul,Brasil,21841,768.93,0.465,0.696,0.56,0.822,0.734
SÃO LUIZ GONZAGA,431890,3,n/d,RS,Rio Grande do Sul,Sul,Brasil,34268,698.77,0.528,0.741,0.664,0.855,0.718
SAPUCAIA DO SUL,432000,3,RM Porto Alegre,RS,Rio Grande do Sul,Sul,Brasil,130595,733.28,0.589,0.726,0.624,0.844,0.726
SOLEDADE,432080,3,n/d,RS,Rio Grande do Sul,Sul,Brasil,29754,737.92,0.509,0.731,0.625,0.861,0.727
TAPEJARA,432090,3,n/d,RS,Rio Grande do Sul,Sul,Brasil,19141,922.28,0.527,0.76,0.688,0.837,0.763
TAQUARI,432130,3,n/d,RS,Rio Grande do Sul,Sul,Brasil,25869,786.91,0.533,0.733,0.629,0.849,0.737
TEUTÔNIA,432145,3,n/d,RS,Rio Grande do Sul,Sul,Brasil,27165,854.63,0.527,0.747,0.65,0.855,0.751
TUPANCIRETÃ,432220,3,n/d,RS,Rio Grande do Sul,Sul,Brasil,22161,708.79,0.468,0.709,0.596,0.828,0.721
VACARIA,432250,3,n/d,RS,Rio Grande do Sul,Sul,Brasil,60849,797.86,0.527,0.721,0.605,0.838,0.74
VERANÓPOLIS,432280,3,n/d,RS,Rio Grande do Sul,Sul,Brasil,22683,1141.67,0.556,0.773,0.692,0.838,0.797
AQUIDAUANA,500110,3,n/d,MS,Mato Grosso do Sul,Centro-Oeste,Brasil,45168,585.62,0.469,0.688,0.562,0.84,0.69
BATAGUASSU,500190,3,n/d,MS,Mato Grosso do Sul,Centro-Oeste,Brasil,19684,614.34,0.467,0.71,0.606,0.847,0.698
RIBAS DO RIO PARDO,500710,3,n/d,MS,Mato Grosso do Sul,Centro-Oeste,Brasil,20451,552.58,0.39,0.664,0.519,0.83,0.681
RIO VERDE DE MATO GROSSO,500740,3,n/d,MS,Mato Grosso do Sul,Centro-Oeste,Brasil,18706,570.74,0.373,0.673,0.521,0.852,0.686
COLÍDER,510320,3,n/d,MT,Mato Grosso,Centro-Oeste,Brasil,30525,758.67,0.423,0.713,0.604,0.819,0.732
JACIARA,510480,3,n/d,MT,Mato Grosso,Centro-Oeste,Brasil,25453,742.81,0.511,0.735,0.655,0.833,0.728
SORRISO,510792,3,n/d,MT,Mato Grosso,Centro-Oeste,Brasil,66131,988.74,0.516,0.744,0.635,0.839,0.774
CERES,520540,3,n/d,GO,Goiás,Centro-Oeste,Brasil,20620,865.23,0.585,0.775,0.733,0.842,0.753
LUZIÂNIA,521250,3,RIDE DF,GO,Goiás,Centro-Oeste,Brasil,173474,580.88,0.51,0.701,0.602,0.831,0.689
PIRES DO RIO,521740,3,n/d,GO,Goiás,Centro-Oeste,Brasil,28628,702.46,0.515,0.744,0.65,0.88,0.719
VALPARAÍSO DE GOIÁS,522185,3,RIDE DF,GO,Goiás,Centro-Oeste,Brasil,132705,764.73,0.663,0.746,0.695,0.815,0.733
COLORADO DO OESTE,110006,2,n/d,RO,Rondônia,Norte,Brasil,18540,535.41,0.426,0.685,0.584,0.814,0.676
JARU,110011,2,n/d,RO,Rondônia,Norte,Brasil,51715,575.14,0.43,0.689,0.577,0.825,0.687
PRESIDENTE MÉDICI,110025,2,n/d,RO,Rondônia,Norte,Brasil,22262,520.2,0.38,0.664,0.55,0.792,0.671
SÃO MIGUEL DO GUAPORÉ,110032,2,n/d,RO,Rondônia,Norte,Brasil,21700,440.6,0.346,0.646,0.537,0.781,0.644
CANDEIAS DO JAMARI,110080,2,n/d,RO,Rondônia,Norte,Brasil,19681,463.63,0.433,0.649,0.512,0.819,0.652
CASTANHAL,150240,2,RM Belém,PA,Pará,Norte,Brasil,172265,467.32,0.536,0.673,0.582,0.8,0.654
MONTE ALEGRE,150480,2,n/d,PA,Pará,Norte,Brasil,55260,231.65,0.364,0.589,0.495,0.764,0.541
IMPERATRIZ,210530,2,n/d,MA,Maranhão,Nordeste,Brasil,246317,613.87,0.617,0.731,0.698,0.803,0.697
RAPOSA,210945,2,n/d,MA,Maranhão,Nordeste,Brasil,26308,274.0,0.457,0.626,0.587,0.735,0.568
EUSÉBIO,230428,2,RM Fortaleza,CE,Ceará,Nordeste,Brasil,45707,623.01,0.525,0.701,0.621,0.794,0.7
NOVA RUSSAS,230930,2,n/d,CE,Ceará,Nordeste,Brasil,30864,304.52,0.353,0.614,0.524,0.754,0.585
CURRAIS NOVOS,240310,2,n/d,RN,Rio Grande do Norte,Nordeste,Brasil,42240,526.96,0.493,0.691,0.617,0.794,0.673
PARNAMIRIM,240325,2,n/d,RN,Rio Grande do Norte,Nordeste,Brasil,200906,850.44,0.682,0.766,0.726,0.825,0.75
CAJAZEIRAS,250370,2,n/d,PB,Paraíba,Nordeste,Brasil,58122,511.56,0.442,0.679,0.574,0.815,0.668
ARARIPINA,260110,2,n/d,PE,Pernambuco,Nordeste,Brasil,77085,324.01,0.321,0.602,0.467,0.785,0.595
CARUARU,260410,2,n/d,PE,Pernambuco,Nordeste,Brasil,313111,553.99,0.468,0.677,0.569,0.799,0.681
PETROLINA,261110,2,n/d,PE,Pernambuco,Nordeste,Brasil,291908,605.06,0.536,0.697,0.611,0.799,0.695
BAIXA GRANDE,290260,2,n/d,BA,Bahia,Nordeste,Brasil,19995,243.98,0.28,0.585,0.471,0.775,0.549
EUNÁPOLIS,291072,2,n/d,BA,Bahia,Nordeste,Brasil,99686,575.44,0.499,0.677,0.572,0.791,0.687
ILHÉUS,291360,2,n/d,BA,Bahia,Nordeste,Brasil,183184,579.46,0.528,0.69,0.59,0.808,0.688
PAULO AFONSO,292400,2,n/d,BA,Bahia,Nordeste,Brasil,107558,544.73,0.486,0.674,0.572,0.789,0.678
SÃO GONÇALO DOS CAMPOS,292930,2,n/d,BA,Bahia,Nordeste,Brasil,33208,419.27,0.419,0.627,0.516,0.752,0.636
BARRA DE SÃO FRANCISCO,320090,2,n/d,ES,Espírito Santo,Sudeste,Brasil,40014,527.84,0.43,0.683,0.58,0.815,0.673
DOMINGOS MARTINS,320190,2,n/d,ES,Espírito Santo,Sudeste,Brasil,31784,551.74,0.327,0.669,0.528,0.833,0.68
MONTANHA,320350,2,n/d,ES,Espírito Santo,Sudeste,Brasil,17637,547.46,0.376,0.667,0.535,0.816,0.679
PIÚMA,320420,2,n/d,ES,Espírito Santo,Sudeste,Brasil,18011,629.9,0.541,0.727,0.643,0.852,0.702
BARRA DO PIRAÍ,330030,2,n/d,RJ,Rio de Janeiro,Sudeste,Brasil,94474,719.16,0.606,0.733,0.665,0.819,0.723
CACHOEIRAS DE MACACU,330080,2,RM Rio de Janeiro,RJ,Rio de Janeiro,Sudeste,Brasil,54233,604.45,0.515,0.7,0.603,0.817,0.695
CARMO,330120,2,n/d,RJ,Rio de Janeiro,Sudeste,Brasil,17172,559.66,0.5,0.696,0.608,0.813,0.683
IGUABA GRANDE,330187,2,n/d,RJ,Rio de Janeiro,Sudeste,Brasil,22831,818.01,0.66,0.761,0.704,0.841,0.744
ITABORAÍ,330190,2,RM Rio de Janeiro,RJ,Rio de Janeiro,Sudeste,Brasil,217364,584.35,0.528,0.693,0.593,0.813,0.69
MIRACEMA,330300,2,n/d,RJ,Rio de Janeiro,Sudeste,Brasil,26684,608.62,0.569,0.713,0.646,0.805,0.696
PATY DO ALFERES,330385,2,n/d,RJ,Rio de Janeiro,Sudeste,Brasil,26248,562.52,0.389,0.671,0.549,0.806,0.683
PORTO REAL,330411,2,n/d,RJ,Rio de Janeiro,Sudeste,Brasil,16563,577.07,0.53,0.713,0.645,0.817,0.688
QUEIMADOS,330414,2,RM Rio de Janeiro,RJ,Rio de Janeiro,Sudeste,Brasil,137712,484.4,0.536,0.68,0.589,0.81,0.659
SÃO FIDÉLIS,330480,2,n/d,RJ,Rio de Janeiro,Sudeste,Brasil,37429,567.23,0.488,0.691,0.611,0.787,0.685
SÃO PEDRO DA ALDEIA,330520,2,n/d,RJ,Rio de Janeiro,Sudeste,Brasil,87646,710.04,0.578,0.712,0.626,0.801,0.721
SAPUCAIA,330540,2,n/d,RJ,Rio de Janeiro,Sudeste,Brasil,17497,558.94,0.432,0.675,0.561,0.804,0.682
SEROPÉDICA,330555,2,RM Rio de Janeiro,RJ,Rio de Janeiro,Sudeste,Brasil,77485,604.82,0.572,0.713,0.648,0.805,0.695
ALUMÍNIO,350115,2,n/d,SP,São Paulo,Sudeste,Brasil,16753,747.27,0.639,0.766,0.732,0.841,0.729
AMPARO,350190,2,n/d,SP,São Paulo,Sudeste,Brasil,65521,1027.6,0.592,0.785,0.711,0.871,0.78
ARTUR NOGUEIRA,350380,2,n/d,SP,São Paulo,Sudeste,Brasil,44074,823.24,0.554,0.749,0.681,0.827,0.745
ARUJÁ,350390,2,RM São Paulo,SP,São Paulo,Sudeste,Brasil,74649,910.67,0.624,0.784,0.73,0.866,0.761
BOITUVA,350700,2,n/d,SP,São Paulo,Sudeste,Brasil,48145,889.51,0.587,0.78,0.728,0.861,0.757
BRODOWSKI,350780,2,n/d,SP,São Paulo,Sudeste,Brasil,21023,787.91,0.529,0.755,0.675,0.864,0.738
BROTAS,350790,2,n/d,SP,São Paulo,Sudeste,Brasil,21515,722.76,0.509,0.74,0.688,0.815,0.724
BURITAMA,350810,2,n/d,SP,São Paulo,Sudeste,Brasil,15350,779.78,0.537,0.763,0.72,0.839,0.736
CABREÚVA,350840,2,n/d,SP,São Paulo,Sudeste,Brasil,41489,694.03,0.535,0.738,0.678,0.828,0.717
CACONDE,350870,2,n/d,SP,São Paulo,Sudeste,Brasil,18434,627.0,0.438,0.72,0.62,0.858,0.701
CAFELÂNDIA,350880,2,n/d,SP,São Paulo,Sudeste,Brasil,16509,680.71,0.499,0.742,0.661,0.867,0.714
CAJURU,350940,2,n/d,SP,São Paulo,Sudeste,Brasil,23277,597.11,0.482,0.713,0.633,0.825,0.693
CAPÃO BONITO,351020,2,n/d,SP,São Paulo,Sudeste,Brasil,46014,534.75,0.477,0.721,0.671,0.826,0.675
CERQUEIRA CÉSAR,351140,2,n/d,SP,São Paulo,Sudeste,Brasil,17288,665.36,0.518,0.729,0.666,0.821,0.71
COLINA,351200,2,n/d,SP,São Paulo,Sudeste,Brasil,17279,706.69,0.545,0.757,0.712,0.845,0.72
DESCALVADO,351370,2,n/d,SP,São Paulo,Sudeste,Brasil,30629,798.74,0.55,0.76,0.687,0.865,0.74
DOIS CÓRREGOS,351410,2,n/d,SP,São Paulo,Sudeste,Brasil,24650,727.28,0.478,0.725,0.616,0.853,0.725
DRACENA,351440,2,n/d,SP,São Paulo,Sudeste,Brasil,41992,862.86,0.58,0.776,0.737,0.842,0.752
FARTURA,351540,2,n/d,SP,São Paulo,Sudeste,Brasil,15194,618.77,0.513,0.732,0.648,0.867,0.699
FERRAZ DE VASCONCELOS,351570,2,RM São Paulo,SP,São Paulo,Sudeste,Brasil,168022,587.83,0.585,0.738,0.703,0.828,0.691
FRANCISCO MORATO,351630,2,RM São Paulo,SP,São Paulo,Sudeste,Brasil,154059,483.98,0.508,0.703,0.647,0.815,0.659
FRANCO DA ROCHA,351640,2,RM São Paulo,SP,São Paulo,Sudeste,Brasil,123427,632.42,0.527,0.731,0.654,0.852,0.702
GARÇA,351670,2,n/d,SP,São Paulo,Sudeste,Brasil,42771,786.83,0.559,0.769,0.728,0.849,0.737
GUARARAPES,351820,2,n/d,SP,São Paulo,Sudeste,Brasil,30494,739.89,0.548,0.763,0.726,0.84,0.727
IGARAÇU DO TIETÊ,352000,2,n/d,SP,São Paulo,Sudeste,Brasil,23255,590.77,0.461,0.727,0.664,0.838,0.691
ILHA SOLTEIRA,352044,2,n/d,SP,São Paulo,Sudeste,Brasil,24998,1063.04,0.669,0.812,0.782,0.871,0.786
IRACEMÁPOLIS,352140,2,n/d,SP,São Paulo,Sudeste,Brasil,19969,808.74,0.603,0.776,0.729,0.863,0.742
ITIRAPINA,352360,2,n/d,SP,São Paulo,Sudeste,Brasil,12742,772.14,0.496,0.724,0.636,0.813,0.734
ITUPEVA,352400,2,n/d,SP,São Paulo,Sudeste,Brasil,44744,848.65,0.593,0.762,0.699,0.844,0.75
JAGUARIÚNA,352470,2,n/d,SP,São Paulo,Sudeste,Brasil,44108,1038.61,0.635,0.784,0.715,0.862,0.782
LARANJAL PAULISTA,352640,2,n/d,SP,São Paulo,Sudeste,Brasil,25243,760.58,0.527,0.729,0.639,0.829,0.732
LINS,352710,2,n/d,SP,São Paulo,Sudeste,Brasil,70592,919.53,0.657,0.786,0.733,0.869,0.762
LORENA,352720,2,n/d,SP,São Paulo,Sudeste,Brasil,82126,781.28,0.672,0.766,0.713,0.856,0.736
MAIRIPORÃ,352850,2,RM São Paulo,SP,São Paulo,Sudeste,Brasil,80353,944.03,0.625,0.788,0.723,0.881,0.767
MATÃO,352930,2,n/d,SP,São Paulo,Sudeste,Brasil,76679,940.44,0.57,0.773,0.713,0.847,0.766
MOCOCA,353050,2,n/d,SP,São Paulo,Sudeste,Brasil,65734,881.99,0.584,0.762,0.709,0.827,0.756
MONTE AZUL PAULISTA,353150,2,n/d,SP,São Paulo,Sudeste,Brasil,18862,765.11,0.502,0.753,0.69,0.843,0.733
MORRO AGUDO,353190,2,n/d,SP,São Paulo,Sudeste,Brasil,29050,687.37,0.449,0.712,0.604,0.836,0.716
NOVO HORIZONTE,353350,2,n/d,SP,São Paulo,Sudeste,Brasil,36479,806.75,0.519,0.753,0.665,0.865,0.741
OLÍMPIA,353390,2,n/d,SP,São Paulo,Sudeste,Brasil,49865,783.14,0.573,0.773,0.724,0.867,0.737
OSVALDO CRUZ,353460,2,n/d,SP,São Paulo,Sudeste,Brasil,29646,797.55,0.581,0.762,0.713,0.837,0.74
PARANAPANEMA,353580,2,n/d,SP,São Paulo,Sudeste,Brasil,17712,613.31,0.459,0.717,0.631,0.839,0.697
PAULÍNIA,353650,2,n/d,SP,São Paulo,Sudeste,Brasil,82005,1160.79,0.68,0.795,0.727,0.864,0.8
PEDERNEIRAS,353670,2,n/d,SP,São Paulo,Sudeste,Brasil,41334,788.42,0.531,0.739,0.673,0.812,0.738
PENÁPOLIS,353730,2,n/d,SP,São Paulo,Sudeste,Brasil,58257,840.16,0.581,0.759,0.68,0.859,0.748
PEREIRA BARRETO,353740,2,n/d,SP,São Paulo,Sudeste,Brasil,24618,743.94,0.57,0.766,0.732,0.845,0.728
PIEDADE,353780,2,n/d,SP,São Paulo,Sudeste,Brasil,51436,601.32,0.448,0.716,0.624,0.848,0.694
PIRACAIA,353860,2,n/d,SP,São Paulo,Sudeste,Brasil,25013,893.05,0.485,0.739,0.625,0.851,0.758
PIRAJU,353880,2,n/d,SP,São Paulo,Sudeste,Brasil,28356,801.23,0.558,0.758,0.699,0.843,0.74
PIRAJUÍ,353890,2,n/d,SP,São Paulo,Sudeste,Brasil,19560,770.38,0.507,0.749,0.672,0.853,0.734
PIRASSUNUNGA,353930,2,n/d,SP,São Paulo,Sudeste,Brasil,69832,1086.22,0.651,0.801,0.736,0.884,0.789
PRADÓPOLIS,354090,2,n/d,SP,São Paulo,Sudeste,Brasil,17316,788.76,0.508,0.733,0.65,0.822,0.738
PRESIDENTE VENCESLAU,354150,2,n/d,SP,São Paulo,Sudeste,Brasil,36387,846.18,0.565,0.763,0.708,0.837,0.749
PROMISSÃO,354160,2,n/d,SP,São Paulo,Sudeste,Brasil,35331,726.0,0.527,0.743,0.666,0.85,0.724
RANCHARIA,354220,2,n/d,SP,São Paulo,Sudeste,Brasil,28705,707.37,0.524,0.751,0.683,0.861,0.72
SANTA GERTRUDES,354670,2,n/d,SP,São Paulo,Sudeste,Brasil,21561,718.03,0.534,0.737,0.654,0.847,0.723
SANTA ISABEL,354680,2,RM São Paulo,SP,São Paulo,Sudeste,Brasil,50137,623.11,0.537,0.738,0.689,0.834,0.7
SANTO ANASTÁCIO,354770,2,n/d,SP,São Paulo,Sudeste,Brasil,20413,726.34,0.533,0.753,0.689,0.854,0.725
SÃO JOAQUIM DA BARRA,354940,2,n/d,SP,São Paulo,Sudeste,Brasil,46359,799.93,0.595,0.762,0.706,0.847,0.74
SÃO MANUEL,355010,2,n/d,SP,São Paulo,Sudeste,Brasil,38157,773.82,0.548,0.744,0.695,0.805,0.735
SÃO ROQUE,355060,2,n/d,SP,São Paulo,Sudeste,Brasil,78372,932.62,0.599,0.768,0.687,0.863,0.765
SÃO SEBASTIÃO,355070,2,n/d,SP,São Paulo,Sudeste,Brasil,73583,837.48,0.591,0.772,0.703,0.875,0.747
SOCORRO,355210,2,n/d,SP,São Paulo,Sudeste,Brasil,36547,785.71,0.462,0.729,0.634,0.828,0.737
TIETÊ,355450,2,n/d,SP,São Paulo,Sudeste,Brasil,36638,927.25,0.563,0.778,0.698,0.884,0.764
VÁRZEA PAULISTA,355650,2,n/d,SP,São Paulo,Sudeste,Brasil,106832,706.02,0.572,0.759,0.705,0.863,0.72
VOTUPORANGA,355710,2,n/d,SP,São Paulo,Sudeste,Brasil,84511,977.39,0.613,0.79,0.744,0.857,0.772
ALTÔNIA,410050,2,n/d,PR,Paraná,Sul,Brasil,20376,585.49,0.428,0.721,0.641,0.848,0.69
ANDIRÁ,410110,2,n/d,PR,Paraná,Sul,Brasil,20573,587.51,0.486,0.725,0.66,0.838,0.69
ARAPONGAS,410150,2,n/d,PR,Paraná,Sul,Brasil,103954,855.02,0.567,0.748,0.669,0.834,0.751
ARAUCÁRIA,410180,2,RM Curitiba,PR,Paraná,Sul,Brasil,119047,814.39,0.569,0.74,0.639,0.852,0.743
BANDEIRANTES,410240,2,n/d,PR,Paraná,Sul,Brasil,32016,679.72,0.514,0.727,0.658,0.819,0.714
CAFELÂNDIA,410345,2,n/d,PR,Paraná,Sul,Brasil,14625,721.38,0.557,0.748,0.692,0.835,0.723
CAMBÉ,410370,2,n/d,PR,Paraná,Sul,Brasil,96541,723.34,0.538,0.734,0.651,0.84,0.724
CAMPINA GRANDE DO SUL,410400,2,RM Curitiba,PR,Paraná,Sul,Brasil,38621,671.29,0.528,0.718,0.605,0.86,0.712
CASTRO,410490,2,n/d,PR,Paraná,Sul,Brasil,66639,639.54,0.466,0.703,0.6,0.823,0.704
COLOMBO,410580,2,RM Curitiba,PR,Paraná,Sul,Brasil,212419,682.85,0.526,0.733,0.632,0.87,0.715
CRUZEIRO DO OESTE,410660,2,n/d,PR,Paraná,Sul,Brasil,20305,617.44,0.461,0.717,0.64,0.825,0.698
GUARATUBA,410960,2,n/d,PR,Paraná,Sul,Brasil,31809,782.92,0.517,0.717,0.604,0.828,0.737
JANDAIA DO SUL,411210,2,n/d,PR,Paraná,Sul,Brasil,20153,803.28,0.544,0.747,0.703,0.801,0.741
LOANDA,411350,2,n/d,PR,Paraná,Sul,Brasil,21023,725.67,0.499,0.725,0.645,0.815,0.724
MANGUEIRINHA,411440,2,n/d,PR,Paraná,Sul,Brasil,16989,605.97,0.435,0.688,0.579,0.811,0.695
MORRETES,411620,2,n/d,PR,Paraná,Sul,Brasil,15642,665.51,0.462,0.686,0.544,0.837,0.71
NOVA ESPERANÇA,411690,2,n/d,PR,Paraná,Sul,Brasil,26513,719.26,0.488,0.722,0.628,0.829,0.723
PARANAVAÍ,411840,2,n/d,PR,Paraná,Sul,Brasil,81023,852.66,0.575,0.763,0.703,0.844,0.75
REALEZA,412140,2,n/d,PR,Paraná,Sul,Brasil,16245,704.94,0.449,0.722,0.63,0.83,0.72
SANTA HELENA,412350,2,n/d,PR,Paraná,Sul,Brasil,23338,791.53,0.496,0.744,0.678,0.823,0.738
SANTA TEREZINHA DE ITAIPU,412405,2,n/d,PR,Paraná,Sul,Brasil,20714,688.34,0.527,0.738,0.689,0.814,0.716
SANTO ANTÔNIO DA PLATINA,412410,2,n/d,PR,Paraná,Sul,Brasil,42461,765.04,0.515,0.718,0.617,0.817,0.733
ABELARDO LUZ,420010,2,n/d,SC,Santa Catarina,Sul,Brasil,17016,562.88,0.404,0.696,0.578,0.852,0.684
APIÚNA,420125,2,n/d,SC,Santa Catarina,Sul,Brasil,9564,776.69,0.378,0.708,0.584,0.827,0.735
COCAL DO SUL,420425,2,n/d,SC,Santa Catarina,Sul,Brasil,15155,833.24,0.606,0.78,0.74,0.859,0.747
CURITIBANOS,420480,2,n/d,SC,Santa Catarina,Sul,Brasil,37460,687.47,0.493,0.721,0.62,0.846,0.716
FORQUILHINHA,420545,2,n/d,SC,Santa Catarina,Sul,Brasil,22503,870.85,0.503,0.753,0.657,0.861,0.754
GUABIRUBA,420630,2,n/d,SC,Santa Catarina,Sul,Brasil,18414,851.75,0.476,0.754,0.653,0.876,0.75
ITAIÓPOLIS,420810,2,n/d,SC,Santa Catarina,Sul,Brasil,20280,625.36,0.423,0.708,0.606,0.836,0.7
ITAPIRANGA,420840,2,n/d,SC,Santa Catarina,Sul,Brasil,15363,942.44,0.556,0.775,0.723,0.842,0.766
ORLEANS,421170,2,n/d,SC,Santa Catarina,Sul,Brasil,21373,844.35,0.49,0.755,0.657,0.873,0.749
OTACÍLIO COSTA,421175,2,n/d,SC,Santa Catarina,Sul,Brasil,16311,677.67,0.531,0.74,0.681,0.835,0.713
BALNEÁRIO PIÇARRAS,421280,2,n/d,SC,Santa Catarina,Sul,Brasil,17029,826.13,0.562,0.756,0.668,0.869,0.745
PINHALZINHO,421290,2,n/d,SC,Santa Catarina,Sul,Brasil,16222,893.85,0.552,0.783,0.716,0.886,0.758
PRESIDENTE GETÚLIO,421400,2,n/d,SC,Santa Catarina,Sul,Brasil,14808,928.86,0.474,0.759,0.654,0.874,0.764
SANTO AMARO DA IMPERATRIZ,421570,2,n/d,SC,Santa Catarina,Sul,Brasil,19714,867.13,0.591,0.781,0.71,0.89,0.753
SÃO JOÃO DO OESTE,421625,2,n/d,SC,Santa Catarina,Sul,Brasil,6027,881.09,0.465,0.761,0.668,0.873,0.756
SÃO JOÃO BATISTA,421630,2,n/d,SC,Santa Catarina,Sul,Brasil,26060,794.12,0.521,0.74,0.634,0.865,0.739
SÃO LOURENÇO DO OESTE,421690,2,n/d,SC,Santa Catarina,Sul,Brasil,21668,841.27,0.527,0.749,0.695,0.807,0.748
SÃO LUDGERO,421700,2,n/d,SC,Santa Catarina,Sul,Brasil,10930,884.18,0.564,0.755,0.683,0.834,0.756
TIJUCAS,421800,2,n/d,SC,Santa Catarina,Sul,Brasil,30700,835.48,0.551,0.76,0.672,0.873,0.747
URUSSANGA,421900,2,n/d,SC,Santa Catarina,Sul,Brasil,20196,883.42,0.532,0.772,0.695,0.876,0.756
AGUDO,430010,2,n/d,RS,Rio Grande do Sul,Sul,Brasil,16549,861.06,0.385,0.694,0.524,0.847,0.752
ARROIO DO MEIO,430100,2,n/d,RS,Rio Grande do Sul,Sul,Brasil,18644,850.06,0.51,0.769,0.706,0.86,0.75
BALNEÁRIO PINHAL,430163,2,n/d,RS,Rio Grande do Sul,Sul,Brasil,10824,662.85,0.464,0.696,0.567,0.836,0.71
CACEQUI,430290,2,n/d,RS,Rio Grande do Sul,Sul,Brasil,13594,550.88,0.487,0.7,0.626,0.807,0.68
CAMAQUÃ,430350,2,n/d,RS,Rio Grande do Sul,Sul,Brasil,62068,686.36,0.44,0.697,0.578,0.819,0.715
CARLOS BARBOSA,430480,2,n/d,RS,Rio Grande do Sul,Sul,Brasil,25016,1446.56,0.588,0.796,0.724,0.835,0.835
DOIS IRMÃOS,430640,2,RM Porto Alegre,RS,Rio Grande do Sul,Sul,Brasil,27406,921.37,0.571,0.743,0.633,0.848,0.763
DOM PEDRITO,430660,2,n/d,RS,Rio Grande do Sul,Sul,Brasil,38512,686.15,0.469,0.708,0.585,0.848,0.715
ELDORADO DO SUL,430676,2,RM Porto Alegre,RS,Rio Grande do Sul,Sul,Brasil,34100,692.0,0.581,0.717,0.609,0.844,0.717
ENCRUZILHADA DO SUL,430690,2,n/d,RS,Rio Grande do Sul,Sul,Brasil,24287,539.0,0.35,0.657,0.478,0.875,0.677
ESTEIO,430770,2,RM Porto Alegre,RS,Rio Grande do Sul,Sul,Brasil,80484,955.86,0.646,0.754,0.662,0.843,0.769
FARROUPILHA,430790,2,n/d,RS,Rio Grande do Sul,Sul,Brasil,63310,1045.05,0.601,0.777,0.696,0.861,0.783
GETÚLIO VARGAS,430890,2,n/d,RS,Rio Grande do Sul,Sul,Brasil,15983,837.17,0.518,0.746,0.658,0.843,0.747
GUAPORÉ,430940,2,n/d,RS,Rio Grande do Sul,Sul,Brasil,22658,1035.41,0.512,0.765,0.685,0.837,0.781
JAGUARÃO,431100,2,n/d,RS,Rio Grande do Sul,Sul,Brasil,27734,616.82,0.503,0.707,0.608,0.832,0.698
JÚLIO DE CASTILHOS,431120,2,n/d,RS,Rio Grande do Sul,Sul,Brasil,19352,765.91,0.477,0.716,0.602,0.833,0.733
MUÇUM,431260,2,n/d,RS,Rio Grande do Sul,Sul,Brasil,4777,887.43,0.455,0.746,0.654,0.84,0.757
NÃO-ME-TOQUE,431265,2,n/d,RS,Rio Grande do Sul,Sul,Brasil,15826,1051.05,0.562,0.765,0.673,0.847,0.784
NOVA PRATA,431330,2,n/d,RS,Rio Grande do Sul,Sul,Brasil,22636,1039.74,0.568,0.766,0.686,0.839,0.782
PALMARES DO SUL,431365,2,n/d,RS,Rio Grande do Sul,Sul,Brasil,10930,730.31,0.467,0.715,0.592,0.852,0.725
RIO PARDO,431570,2,n/d,RS,Rio Grande do Sul,Sul,Brasil,37177,633.1,0.47,0.693,0.56,0.846,0.702
SANTA VITÓRIA DO PALMAR,431730,2,n/d,RS,Rio Grande do Sul,Sul,Brasil,30837,657.76,0.476,0.712,0.591,0.861,0.709
SÃO FRANCISCO DE PAULA,431820,2,n/d,RS,Rio Grande do Sul,Sul,Brasil,20170,628.15,0.411,0.685,0.534,0.86,0.701
SÃO SEBASTIÃO DO CAÍ,431950,2,RM Porto Alegre,RS,Rio Grande do Sul,Sul,Brasil,21820,772.04,0.53,0.739,0.646,0.852,0.734
SARANDI,432010,2,n/d,RS,Rio Grande do Sul,Sul,Brasil,21077,1000.86,0.559,0.777,0.705,0.858,0.776
TAQUARA,432120,2,RM Porto Alegre,RS,Rio Grande do Sul,Sul,Brasil,54139,871.42,0.484,0.727,0.579,0.88,0.754
TRÊS DE MAIO,432180,2,n/d,RS,Rio Grande do Sul,Sul,Brasil,23498,881.15,0.532,0.759,0.694,0.834,0.756
VENÂNCIO AIRES,432260,2,n/d,RS,Rio Grande do Sul,Sul,Brasil,65458,779.48,0.464,0.712,0.6,0.818,0.736
VERA CRUZ,432270,2,n/d,RS,Rio Grande do Sul,Sul,Brasil,23914,790.95,0.472,0.737,0.643,0.842,0.738
APARECIDA DO TABOADO,500100,2,n/d,MS,Mato Grosso do Sul,Centro-Oeste,Brasil,22216,692.79,0.447,0.697,0.588,0.804,0.717
CASSILÂNDIA,500290,2,n/d,MS,Mato Grosso do Sul,Centro-Oeste,Brasil,20708,885.1,0.462,0.727,0.627,0.811,0.756
CHAPADÃO DO SUL,500295,2,n/d,MS,Mato Grosso do Sul,Centro-Oeste,Brasil,19419,896.92,0.579,0.754,0.665,0.85,0.758
COSTA RICA,500325,2,n/d,MS,Mato Grosso do Sul,Centro-Oeste,Brasil,19530,693.05,0.481,0.706,0.606,0.811,0.717
LADÁRIO,500520,2,n/d,MS,Mato Grosso do Sul,Centro-Oeste,Brasil,19586,575.16,0.574,0.704,0.618,0.822,0.687
MIRANDA,500560,2,n/d,MS,Mato Grosso do Sul,Centro-Oeste,Brasil,25270,424.44,0.39,0.632,0.507,0.782,0.638
MUNDO NOVO,500568,2,n/d,MS,Mato Grosso do Sul,Centro-Oeste,Brasil,16947,652.56,0.433,0.686,0.565,0.808,0.707
NAVIRAÍ,500570,2,n/d,MS,Mato Grosso do Sul,Centro-Oeste,Brasil,45939,683.86,0.473,0.7,0.597,0.803,0.715
PARANAÍBA,500630,2,n/d,MS,Mato Grosso do Sul,Centro-Oeste,Brasil,39864,738.58,0.464,0.721,0.627,0.823,0.727
PONTA PORÃ,500660,2,n/d,MS,Mato Grosso do Sul,Centro-Oeste,Brasil,77416,653.36,0.486,0.701,0.598,0.812,0.708
RIO BRILHANTE,500720,2,n/d,MS,Mato Grosso do Sul,Centro-Oeste,Brasil,30201,705.6,0.474,0.715,0.59,0.861,0.72
SÃO GABRIEL DO OESTE,500769,2,n/d,MS,Mato Grosso do Sul,Centro-Oeste,Brasil,22010,855.21,0.511,0.729,0.608,0.85,0.751
CHAPADA DOS GUIMARÃES,510300,2,n/d,MT,Mato Grosso,Centro-Oeste,Brasil,17704,540.98,0.456,0.688,0.578,0.833,0.677
NOVA OLÍMPIA,510623,2,n/d,MT,Mato Grosso,Centro-Oeste,Brasil,17297,639.03,0.419,0.682,0.561,0.804,0.704
NOVA XAVANTINA,510625,2,n/d,MT,Mato Grosso,Centro-Oeste,Brasil,19508,674.44,0.468,0.704,0.613,0.8,0.713
ÁGUAS LINDAS DE GOIÁS,520025,2,RIDE DF,GO,Goiás,Centro-Oeste,Brasil,158508,449.38,0.488,0.686,0.588,0.848,0.647
ALTO PARAÍSO DE GOIÁS,520060,2,n/d,GO,Goiás,Centro-Oeste,Brasil,6782,719.11,0.533,0.713,0.611,0.819,0.723
GOIATUBA,520910,2,n/d,GO,Goiás,Centro-Oeste,Brasil,32149,785.84,0.487,0.725,0.627,0.825,0.737
ITABERAÍ,521040,2,n/d,GO,Goiás,Centro-Oeste,Brasil,35260,773.67,0.45,0.719,0.61,0.828,0.735
ITAPACI,521090,2,n/d,GO,Goiás,Centro-Oeste,Brasil,18336,705.2,0.461,0.725,0.626,0.844,0.72
JATAÍ,521190,2,n/d,GO,Goiás,Centro-Oeste,Brasil,87041,987.04,0.542,0.757,0.656,0.856,0.774
MINAÇU,521308,2,n/d,GO,Goiás,Centro-Oeste,Brasil,30927,590.7,0.498,0.707,0.637,0.803,0.691
NERÓPOLIS,521450,2,n/d,GO,Goiás,Centro-Oeste,Brasil,24095,555.47,0.548,0.721,0.671,0.82,0.681
NOVO GAMA,521523,2,RIDE DF,GO,Goiás,Centro-Oeste,Brasil,94781,498.44,0.502,0.684,0.567,0.851,0.664
SANTO ANTÔNIO DO DESCOBERTO,521975,2,RIDE DF,GO,Goiás,Centro-Oeste,Brasil,63019,449.39,0.464,0.665,0.556,0.818,0.647
SÃO SIMÃO,522040,2,n/d,GO,Goiás,Centro-Oeste,Brasil,16837,883.78,0.47,0.72,0.599,0.825,0.756
URUAÇU,522160,2,n/d,GO,Goiás,Centro-Oeste,Brasil,36540,797.52,0.498,0.737,0.628,0.86,0.74
GUAJARÁ-MIRIM,110010,1,n/d,RO,Rondônia,Norte,Brasil,39928,494.69,0.486,0.657,0.519,0.823,0.663
JI-PARANÁ,110012,1,n/d,RO,Rondônia,Norte,Brasil,115896,743.35,0.532,0.714,0.617,0.81,0.728
PIMENTA BUENO,110018,1,n/d,RO,Rondônia,Norte,Brasil,33611,734.76,0.496,0.71,0.613,0.803,0.726
ATALAIA DO NORTE,130020,1,n/d,AM,Amazonas,Norte,Brasil,15078,159.21,0.229,0.45,0.259,0.733,0.481
IRANDUBA,130185,1,n/d,AM,Amazonas,Norte,Brasil,40642,349.23,0.4,0.613,0.476,0.799,0.607
ALTAMIRA,150060,1,n/d,PA,Pará,Norte,Brasil,98183,492.05,0.461,0.665,0.548,0.811,0.662
BRAGANÇA,150170,1,n/d,PA,Pará,Norte,Brasil,112709,311.97,0.399,0.6,0.486,0.755,0.589
CANAÃ DOS CARAJÁS,150215,1,n/d,PA,Pará,Norte,Brasil,26526,517.33,0.501,0.673,0.569,0.801,0.67
REDENÇÃO,150613,1,n/d,PA,Pará,Norte,Brasil,73579,529.54,0.457,0.672,0.561,0.804,0.674
TAILÂNDIA,150795,1,n/d,PA,Pará,Norte,Brasil,78878,300.85,0.379,0.588,0.45,0.776,0.583
ARAGUAÍNA,170210,1,n/d,TO,Tocantins,Norte,Brasil,149300,737.63,0.639,0.752,0.712,0.821,0.727
ARAGUATINS,170220,1,n/d,TO,Tocantins,Norte,Brasil,31268,342.07,0.409,0.631,0.525,0.793,0.604
AUGUSTINÓPOLIS,170255,1,n/d,TO,Tocantins,Norte,Brasil,15880,364.32,0.456,0.67,0.619,0.793,0.614
MIRACEMA DO TOCANTINS,171320,1,n/d,TO,Tocantins,Norte,Brasil,20590,533.46,0.496,0.684,0.579,0.82,0.675
PARAÍSO DO TOCANTINS,171610,1,n/d,TO,Tocantins,Norte,Brasil,44257,899.57,0.617,0.764,0.706,0.831,0.759
PORTO NACIONAL,171820,1,n/d,TO,Tocantins,Norte,Brasil,48750,621.1,0.604,0.74,0.701,0.826,0.699
AÇAILÂNDIA,210005,1,n/d,MA,Maranhão,Nordeste,Brasil,103752,438.56,0.464,0.672,0.602,0.785,0.643
BACABAL,210120,1,n/d,MA,Maranhão,Nordeste,Brasil,99781,375.57,0.454,0.651,0.591,0.753,0.619
BALSAS,210140,1,n/d,MA,Maranhão,Nordeste,Brasil,83302,531.6,0.514,0.687,0.597,0.807,0.674
CAROLINA,210280,1,n/d,MA,Maranhão,Nordeste,Brasil,23827,334.51,0.401,0.634,0.529,0.802,0.6
JOÃO LISBOA,210550,1,n/d,MA,Maranhão,Nordeste,Brasil,20355,303.91,0.435,0.641,0.573,0.785,0.585
PEDREIRAS,210820,1,n/d,MA,Maranhão,Nordeste,Brasil,39220,441.42,0.471,0.682,0.621,0.792,0.644
PORTO FRANCO,210900,1,n/d,MA,Maranhão,Nordeste,Brasil,21396,497.56,0.477,0.684,0.606,0.796,0.664
SANTA INÊS,210990,1,n/d,MA,Maranhão,Nordeste,Brasil,77056,411.04,0.488,0.674,0.615,0.788,0.633
ÁGUA BRANCA,220020,1,n/d,PI,Piauí,Nordeste,Brasil,16436,335.63,0.424,0.639,0.569,0.763,0.6
CAMPO MAIOR,220220,1,n/d,PI,Piauí,Nordeste,Brasil,45093,401.74,0.423,0.656,0.566,0.793,0.629
FLORIANO,220390,1,n/d,PI,Piauí,Nordeste,Brasil,57242,536.3,0.562,0.7,0.633,0.802,0.676
PICOS,220800,1,n/d,PI,Piauí,Nordeste,Brasil,72941,563.88,0.499,0.698,0.621,0.8,0.684
VALENÇA DO PIAUÍ,221130,1,n/d,PI,Piauí,Nordeste,Brasil,20289,380.19,0.417,0.647,0.566,0.773,0.62
ACOPIARA,230030,1,n/d,CE,Ceará,Nordeste,Brasil,51083,266.65,0.302,0.595,0.517,0.724,0.563
BARBALHA,230190,1,n/d,CE,Ceará,Nordeste,Brasil,55259,362.9,0.514,0.683,0.637,0.817,0.613
BREJO SANTO,230250,1,n/d,CE,Ceará,Nordeste,Brasil,44890,325.64,0.464,0.647,0.592,0.768,0.596
CHOROZINHO,230395,1,RM Fortaleza,CE,Ceará,Nordeste,Brasil,18841,277.4,0.343,0.604,0.522,0.742,0.57
CRATEÚS,230410,1,n/d,CE,Ceará,Nordeste,Brasil,72499,373.18,0.388,0.644,0.55,0.787,0.618
CRATO,230420,1,n/d,CE,Ceará,Nordeste,Brasil,120655,470.46,0.568,0.713,0.673,0.822,0.655
IGUATU,230550,1,n/d,CE,Ceará,Nordeste,Brasil,96263,434.67,0.45,0.677,0.599,0.808,0.642
IRAUÇUBA,230610,1,n/d,CE,Ceará,Nordeste,Brasil,22250,211.75,0.41,0.605,0.557,0.755,0.526
ITAPIPOCA,230640,1,n/d,CE,Ceará,Nordeste,Brasil,115450,264.08,0.456,0.64,0.613,0.761,0.562
MOMBAÇA,230850,1,n/d,CE,Ceará,Nordeste,Brasil,42562,243.85,0.288,0.582,0.489,0.735,0.549
PARACURU,231020,1,RM Fortaleza,CE,Ceará,Nordeste,Brasil,31405,328.2,0.43,0.637,0.581,0.746,0.597
PIQUET CARNEIRO,231090,1,n/d,CE,Ceará,Nordeste,Brasil,15429,217.02,0.306,0.6,0.523,0.779,0.53
QUIXADÁ,231130,1,n/d,CE,Ceará,Nordeste,Brasil,80117,317.66,0.463,0.659,0.624,0.775,0.592
SANTA QUITÉRIA,231220,1,n/d,CE,Ceará,Nordeste,Brasil,42659,238.84,0.364,0.616,0.553,0.775,0.546
SOBRAL,231290,1,n/d,CE,Ceará,Nordeste,Brasil,186474,448.89,0.543,0.714,0.675,0.832,0.647
AÇU,240020,1,n/d,RN,Rio Grande do Norte,Nordeste,Brasil,53079,432.38,0.427,0.661,0.568,0.795,0.641
CAICÓ,240200,1,n/d,RN,Rio Grande do Norte,Nordeste,Brasil,62116,637.13,0.499,0.71,0.619,0.824,0.703
ARARUNA,250100,1,n/d,PB,Paraíba,Nordeste,Brasil,18813,244.02,0.267,0.567,0.439,0.758,0.549
CONCEIÇÃO,250440,1,n/d,PB,Paraíba,Nordeste,Brasil,18258,290.63,0.319,0.592,0.476,0.754,0.577
PRINCESA ISABEL,251230,1,n/d,PB,Paraíba,Nordeste,Brasil,21201,334.74,0.333,0.606,0.514,0.72,0.6
SÃO BENTO,251390,1,n/d,PB,Paraíba,Nordeste,Brasil,30798,328.99,0.243,0.58,0.424,0.769,0.597
SÃO JOSÉ DE PIRANHAS,251450,1,n/d,PB,Paraíba,Nordeste,Brasil,19025,321.53,0.281,0.591,0.461,0.755,0.594
ARCOVERDE,260120,1,n/d,PE,Pernambuco,Nordeste,Brasil,68019,469.53,0.475,0.667,0.567,0.799,0.654
BELO JARDIM,260170,1,n/d,PE,Pernambuco,Nordeste,Brasil,72258,372.93,0.37,0.629,0.514,0.783,0.617
CACHOEIRINHA,260310,1,n/d,PE,Pernambuco,Nordeste,Brasil,18774,308.18,0.269,0.579,0.439,0.753,0.587
JABOATÃO DOS GUARARAPES,260790,1,RM Recife,PE,Pernambuco,Nordeste,Brasil,642986,593.9,0.585,0.717,0.642,0.83,0.692
OLINDA,260960,1,RM Recife,PE,Pernambuco,Nordeste,Brasil,376158,640.13,0.64,0.735,0.675,0.836,0.704
PALMARES,261000,1,n/d,PE,Pernambuco,Nordeste,Brasil,58392,311.09,0.434,0.622,0.55,0.744,0.588
SALGUEIRO,261220,1,n/d,PE,Pernambuco,Nordeste,Brasil,55966,441.79,0.454,0.669,0.58,0.799,0.645
SANTA CRUZ DO CAPIBARIBE,261250,1,n/d,PE,Pernambuco,Nordeste,Brasil,86786,507.05,0.353,0.648,0.506,0.806,0.667
SERRA TALHADA,261390,1,n/d,PE,Pernambuco,Nordeste,Brasil,79008,407.34,0.435,0.661,0.571,0.8,0.632
VITÓRIA DE SANTO ANTÃO,261640,1,n/d,PE,Pernambuco,Nordeste,Brasil,129301,401.16,0.401,0.64,0.543,0.768,0.629
PALMEIRA DOS ÍNDIOS,270630,1,n/d,AL,Alagoas,Nordeste,Brasil,70002,391.37,0.379,0.638,0.523,0.794,0.625
PENEDO,270670,1,n/d,AL,Alagoas,Nordeste,Brasil,60049,339.15,0.407,0.63,0.536,0.774,0.602
ITABAIANA,280290,1,n/d,SE,Sergipe,Nordeste,Brasil,86586,443.39,0.369,0.642,0.513,0.801,0.645
LAGARTO,280350,1,n/d,SE,Sergipe,Nordeste,Brasil,94431,362.8,0.36,0.625,0.515,0.775,0.613
ARACI,290210,1,n/d,BA,Bahia,Nordeste,Brasil,51507,221.98,0.25,0.534,0.381,0.747,0.534
BRUMADO,290460,1,n/d,BA,Bahia,Nordeste,Brasil,64383,403.22,0.447,0.656,0.554,0.807,0.63
CAMACAN,290560,1,n/d,BA,Bahia,Nordeste,Brasil,31369,351.84,0.328,0.581,0.419,0.768,0.608
CANAVIEIRAS,290630,1,n/d,BA,Bahia,Nordeste,Brasil,32156,325.61,0.326,0.59,0.434,0.796,0.596
CARINHANHA,290710,1,n/d,BA,Bahia,Nordeste,Brasil,28311,209.51,0.356,0.576,0.477,0.763,0.525
CONCEIÇÃO DO COITÉ,290840,1,n/d,BA,Bahia,Nordeste,Brasil,61858,309.61,0.359,0.611,0.517,0.752,0.587
CONDEÚBA,290870,1,n/d,BA,Bahia,Nordeste,Brasil,16888,260.07,0.263,0.582,0.447,0.789,0.559
CRUZ DAS ALMAS,290980,1,n/d,BA,Bahia,Nordeste,Brasil,58318,481.8,0.582,0.699,0.65,0.796,0.659
EUCLIDES DA CUNHA,291070,1,n/d,BA,Bahia,Nordeste,Brasil,56047,269.58,0.277,0.567,0.43,0.749,0.565
IPIAÚ,291390,1,n/d,BA,Bahia,Nordeste,Brasil,44041,573.36,0.434,0.67,0.551,0.796,0.687
ITABERABA,291470,1,n/d,BA,Bahia,Nordeste,Brasil,61400,422.79,0.405,0.62,0.485,0.769,0.638
ITAMBÉ,291580,1,n/d,BA,Bahia,Nordeste,Brasil,22939,312.32,0.296,0.578,0.436,0.75,0.589
ITANHÉM,291600,1,n/d,BA,Bahia,Nordeste,Brasil,20197,388.04,0.363,0.637,0.525,0.79,0.624
JACOBINA,291750,1,n/d,BA,Bahia,Nordeste,Brasil,78990,417.88,0.444,0.649,0.558,0.772,0.636
LAURO DE FREITAS,291920,1,RM Salvador,BA,Bahia,Nordeste,Brasil,161401,1031.78,0.667,0.754,0.663,0.827,0.781
MORRO DO CHAPÉU,292170,1,n/d,BA,Bahia,Nordeste,Brasil,35091,250.88,0.315,0.588,0.478,0.766,0.554
MUCURI,292200,1,n/d,BA,Bahia,Nordeste,Brasil,35739,546.41,0.468,0.665,0.541,0.801,0.679
RIACHÃO DO JACUÍPE,292630,1,n/d,BA,Bahia,Nordeste,Brasil,33115,311.47,0.392,0.628,0.559,0.755,0.588
SANTO ANTÔNIO DE JESUS,292870,1,n/d,BA,Bahia,Nordeste,Brasil,90326,540.38,0.527,0.7,0.622,0.815,0.677
SÃO DESIDÉRIO,292890,1,n/d,BA,Bahia,Nordeste,Brasil,27073,302.2,0.307,0.579,0.449,0.742,0.584
TAPIRAMUTÁ,293130,1,n/d,BA,Bahia,Nordeste,Brasil,16375,312.39,0.302,0.594,0.473,0.752,0.589
UBAITABA,293220,1,n/d,BA,Bahia,Nordeste,Brasil,20465,349.68,0.36,0.611,0.49,0.767,0.607
UBATÃ,293230,1,n/d,BA,Bahia,Nordeste,Brasil,24850,306.52,0.357,0.593,0.452,0.788,0.586
VALENÇA,293290,1,n/d,BA,Bahia,Nordeste,Brasil,88140,376.23,0.423,0.623,0.502,0.778,0.619
AFONSO CLÁUDIO,320010,1,n/d,ES,Espírito Santo,Sudeste,Brasil,30918,489.59,0.366,0.667,0.544,0.825,0.661
ARACRUZ,320060,1,n/d,ES,Espírito Santo,Sudeste,Brasil,81525,695.25,0.583,0.752,0.707,0.838,0.717
BAIXO GUANDU,320080,1,n/d,ES,Espírito Santo,Sudeste,Brasil,28854,516.34,0.463,0.702,0.637,0.811,0.67
CONCEIÇÃO DA BARRA,320160,1,n/d,ES,Espírito Santo,Sudeste,Brasil,28407,450.71,0.447,0.681,0.603,0.81,0.648
ECOPORANGA,320210,1,n/d,ES,Espírito Santo,Sudeste,Brasil,22587,406.49,0.368,0.662,0.562,0.819,0.631
GUAÇUÍ,320230,1,n/d,ES,Espírito Santo,Sudeste,Brasil,27592,587.91,0.472,0.703,0.595,0.846,0.691
IÚNA,320300,1,n/d,ES,Espírito Santo,Sudeste,Brasil,27207,501.21,0.381,0.666,0.537,0.829,0.665
MARATAÍZES,320332,1,n/d,ES,Espírito Santo,Sudeste,Brasil,34003,538.07,0.469,0.696,0.588,0.847,0.676
PANCAS,320400,1,n/d,ES,Espírito Santo,Sudeste,Brasil,21509,451.21,0.391,0.667,0.562,0.815,0.648
SANTA MARIA DE JETIBÁ,320455,1,n/d,ES,Espírito Santo,Sudeste,Brasil,34121,603.33,0.321,0.671,0.521,0.834,0.695
SOORETAMA,320501,1,n/d,ES,Espírito Santo,Sudeste,Brasil,23738,457.49,0.399,0.662,0.556,0.802,0.65
VARGEM ALTA,320503,1,n/d,ES,Espírito Santo,Sudeste,Brasil,19024,480.01,0.358,0.663,0.544,0.814,0.658
VENDA NOVA DO IMIGRANTE,320506,1,n/d,ES,Espírito Santo,Sudeste,Brasil,20425,754.66,0.483,0.728,0.624,0.845,0.731
VIANA,320510,1,n/d,ES,Espírito Santo,Sudeste,Brasil,62393,523.61,0.467,0.686,0.589,0.816,0.672
VILA VALÉRIO,320517,1,n/d,ES,Espírito Santo,Sudeste,Brasil,13795,569.82,0.345,0.675,0.549,0.816,0.686
BELFORD ROXO,330045,1,RM Rio de Janeiro,RJ,Rio de Janeiro,Sudeste,Brasil,468774,491.51,0.549,0.684,0.598,0.808,0.662
BOM JARDIM,330050,1,n/d,RJ,Rio de Janeiro,Sudeste,Brasil,25181,649.62,0.365,0.66,0.503,0.809,0.707
BOM JESUS DO ITABAPOANA,330060,1,n/d,RJ,Rio de Janeiro,Sudeste,Brasil,35162,717.69,0.538,0.732,0.662,0.819,0.723
CANTAGALO,330110,1,n/d,RJ,Rio de Janeiro,Sudeste,Brasil,19777,641.61,0.498,0.709,0.614,0.822,0.705
CONCEIÇÃO DE MACABU,330140,1,n/d,RJ,Rio de Janeiro,Sudeste,Brasil,20978,614.57,0.538,0.712,0.642,0.806,0.698
ITAOCARA,330210,1,n/d,RJ,Rio de Janeiro,Sudeste,Brasil,22811,607.18,0.472,0.713,0.635,0.82,0.696
ITATIAIA,330225,1,n/d,RJ,Rio de Janeiro,Sudeste,Brasil,28639,773.48,0.593,0.737,0.652,0.836,0.735
NILÓPOLIS,330320,1,RM Rio de Janeiro,RJ,Rio de Janeiro,Sudeste,Brasil,157151,755.26,0.715,0.753,0.716,0.817,0.731
PINHEIRAL,330395,1,n/d,RJ,Rio de Janeiro,Sudeste,Brasil,22657,657.99,0.571,0.715,0.643,0.801,0.709
PIRAÍ,330400,1,n/d,RJ,Rio de Janeiro,Sudeste,Brasil,25965,678.3,0.541,0.708,0.62,0.803,0.714
SILVA JARDIM,330560,1,n/d,RJ,Rio de Janeiro,Sudeste,Brasil,21301,476.99,0.406,0.654,0.536,0.793,0.657
VASSOURAS,330620,1,n/d,RJ,Rio de Janeiro,Sudeste,Brasil,34117,701.06,0.567,0.714,0.624,0.813,0.719
ÁGUAS DE LINDÓIA,350050,1,n/d,SP,São Paulo,Sudeste,Brasil,17120,730.13,0.51,0.745,0.675,0.846,0.725
AGUDOS,350070,1,n/d,SP,São Paulo,Sudeste,Brasil,34140,642.59,0.566,0.745,0.694,0.845,0.705
ALTINÓPOLIS,350100,1,n/d,SP,São Paulo,Sudeste,Brasil,15527,731.49,0.475,0.73,0.635,0.843,0.726
ANGATUBA,350220,1,n/d,SP,São Paulo,Sudeste,Brasil,22134,597.99,0.473,0.719,0.648,0.827,0.693
APARECIDA,350250,1,n/d,SP,São Paulo,Sudeste,Brasil,34630,775.17,0.635,0.755,0.706,0.828,0.735
APIAÍ,350270,1,n/d,SP,São Paulo,Sudeste,Brasil,25062,492.43,0.473,0.71,0.647,0.835,0.662
BARIRI,350520,1,n/d,SP,São Paulo,Sudeste,Brasil,31448,781.34,0.516,0.75,0.662,0.867,0.736
BARRA BONITA,350530,1,n/d,SP,São Paulo,Sudeste,Brasil,35157,915.28,0.585,0.788,0.739,0.869,0.762
BATATAIS,350590,1,n/d,SP,São Paulo,Sudeste,Brasil,56264,941.79,0.563,0.761,0.685,0.84,0.766
BIRITIBA-MIRIM,350660,1,RM São Paulo,SP,São Paulo,Sudeste,Brasil,28531,662.23,0.484,0.712,0.64,0.795,0.71
CACHOEIRA PAULISTA,350860,1,n/d,SP,São Paulo,Sudeste,Brasil,29922,764.6,0.646,0.764,0.728,0.837,0.733
CAJAMAR,350920,1,RM São Paulo,SP,São Paulo,Sudeste,Brasil,64040,676.5,0.554,0.728,0.668,0.81,0.713
CAJATI,350925,1,n/d,SP,São Paulo,Sudeste,Brasil,28207,481.48,0.451,0.694,0.611,0.832,0.658
CAMPOS DO JORDÃO,350970,1,n/d,SP,São Paulo,Sudeste,Brasil,47287,911.4,0.518,0.749,0.648,0.852,0.761
CARDOSO,351070,1,n/d,SP,São Paulo,Sudeste,Brasil,11762,605.99,0.468,0.722,0.636,0.853,0.695
CASTILHO,351100,1,n/d,SP,São Paulo,Sudeste,Brasil,17531,579.36,0.506,0.731,0.686,0.827,0.688
CESÁRIO LANGE,351160,1,n/d,SP,São Paulo,Sudeste,Brasil,14493,684.95,0.494,0.706,0.611,0.804,0.715
COLÔMBIA,351210,1,n/d,SP,São Paulo,Sudeste,Brasil,5982,582.53,0.47,0.71,0.647,0.802,0.689
CONCHAL,351220,1,n/d,SP,São Paulo,Sudeste,Brasil,25103,617.76,0.449,0.708,0.614,0.827,0.699
CORDEIRÓPOLIS,351240,1,n/d,SP,São Paulo,Sudeste,Brasil,20946,873.87,0.534,0.758,0.674,0.858,0.754
COSMÓPOLIS,351280,1,n/d,SP,São Paulo,Sudeste,Brasil,58542,829.25,0.581,0.769,0.697,0.876,0.746
CRAVINHOS,351310,1,n/d,SP,São Paulo,Sudeste,Brasil,31565,784.4,0.545,0.756,0.683,0.857,0.737
CRUZEIRO,351340,1,n/d,SP,São Paulo,Sudeste,Brasil,76867,809.24,0.683,0.788,0.758,0.871,0.742
EMBU-GUAÇU,351510,1,RM São Paulo,SP,São Paulo,Sudeste,Brasil,62320,676.52,0.601,0.749,0.708,0.834,0.713
ENGENHEIRO COELHO,351515,1,n/d,SP,São Paulo,Sudeste,Brasil,15658,707.37,0.516,0.732,0.668,0.815,0.72
GUARÁ,351770,1,n/d,SP,São Paulo,Sudeste,Brasil,19801,664.56,0.463,0.718,0.63,0.826,0.71
GUARIBA,351860,1,n/d,SP,São Paulo,Sudeste,Brasil,35344,671.34,0.521,0.719,0.645,0.811,0.712
HOLAMBRA,351905,1,n/d,SP,São Paulo,Sudeste,Brasil,11254,1274.53,0.583,0.793,0.698,0.878,0.815
HORTOLÂNDIA,351907,1,n/d,SP,São Paulo,Sudeste,Brasil,188117,686.96,0.59,0.756,0.703,0.859,0.716
IBATÉ,351930,1,n/d,SP,São Paulo,Sudeste,Brasil,30672,552.79,0.483,0.703,0.627,0.814,0.681
IGARATÁ,352020,1,n/d,SP,São Paulo,Sudeste,Brasil,8772,561.31,0.447,0.711,0.616,0.855,0.683
IGUAPE,352030,1,n/d,SP,São Paulo,Sudeste,Brasil,28708,588.36,0.481,0.726,0.653,0.847,0.691
ILHABELA,352040,1,n/d,SP,São Paulo,Sudeste,Brasil,28026,794.57,0.599,0.756,0.693,0.843,0.739
IPERÓ,352100,1,n/d,SP,São Paulo,Sudeste,Brasil,26427,551.75,0.522,0.719,0.672,0.814,0.68
ITABERÁ,352170,1,n/d,SP,São Paulo,Sudeste,Brasil,17739,462.03,0.429,0.693,0.636,0.803,0.652
ITAÍ,352180,1,n/d,SP,São Paulo,Sudeste,Brasil,22559,594.77,0.467,0.713,0.63,0.83,0.692
ITAPECERICA DA SERRA,352220,1,RM São Paulo,SP,São Paulo,Sudeste,Brasil,148965,619.82,0.58,0.742,0.687,0.852,0.699
ITÁPOLIS,352270,1,n/d,SP,São Paulo,Sudeste,Brasil,39827,787.75,0.47,0.744,0.667,0.836,0.738
ITAPORANGA,352280,1,n/d,SP,São Paulo,Sudeste,Brasil,14423,552.76,0.413,0.719,0.653,0.835,0.681
ITARARÉ,352320,1,n/d,SP,São Paulo,Sudeste,Brasil,47767,510.2,0.476,0.703,0.649,0.803,0.668
ITATINGA,352350,1,n/d,SP,São Paulo,Sudeste,Brasil,17986,568.58,0.484,0.706,0.61,0.841,0.685
LENÇÓIS PAULISTA,352680,1,n/d,SP,São Paulo,Sudeste,Brasil,61212,816.48,0.577,0.764,0.717,0.837,0.743
LOUVEIRA,352730,1,n/d,SP,São Paulo,Sudeste,Brasil,37004,1047.17,0.603,0.777,0.697,0.861,0.783
MACATUBA,352800,1,n/d,SP,São Paulo,Sudeste,Brasil,16217,920.95,0.513,0.77,0.697,0.859,0.763
MAIRINQUE,352840,1,n/d,SP,São Paulo,Sudeste,Brasil,43055,710.18,0.584,0.743,0.684,0.831,0.721
MARTINÓPOLIS,352920,1,n/d,SP,São Paulo,Sudeste,Brasil,22950,636.0,0.478,0.721,0.641,0.832,0.703
MONGAGUÁ,353110,1,n/d,SP,São Paulo,Sudeste,Brasil,44770,699.73,0.581,0.754,0.699,0.854,0.719
MONTE APRAZÍVEL,353140,1,n/d,SP,São Paulo,Sudeste,Brasil,21662,1032.05,0.56,0.785,0.72,0.861,0.781
MONTE MOR,353180,1,n/d,SP,São Paulo,Sudeste,Brasil,48724,674.23,0.541,0.733,0.639,0.863,0.713
NAZARÉ PAULISTA,353240,1,n/d,SP,São Paulo,Sudeste,Brasil,16371,554.18,0.4,0.678,0.559,0.818,0.681
NOVA GRANADA,353300,1,n/d,SP,São Paulo,Sudeste,Brasil,19100,737.29,0.508,0.739,0.68,0.818,0.727
NOVA ODESSA,353340,1,n/d,SP,São Paulo,Sudeste,Brasil,50978,878.14,0.643,0.791,0.762,0.861,0.755
ORLÂNDIA,353430,1,n/d,SP,São Paulo,Sudeste,Brasil,39610,934.54,0.573,0.78,0.703,0.882,0.765
PALMITAL,353530,1,n/d,SP,São Paulo,Sudeste,Brasil,21159,739.37,0.54,0.746,0.702,0.814,0.727
PILAR DO SUL,353790,1,n/d,SP,São Paulo,Sudeste,Brasil,26226,531.06,0.425,0.69,0.594,0.82,0.674
PINDORAMA,353810,1,n/d,SP,São Paulo,Sudeste,Brasil,14894,732.68,0.485,0.737,0.654,0.842,0.726
POMPÉIA,354000,1,n/d,SP,São Paulo,Sudeste,Brasil,19896,850.38,0.634,0.786,0.748,0.864,0.75
PORTO FELIZ,354060,1,n/d,SP,São Paulo,Sudeste,Brasil,48375,785.76,0.563,0.758,0.706,0.836,0.737
PORTO FERREIRA,354070,1,n/d,SP,São Paulo,Sudeste,Brasil,51290,779.0,0.575,0.751,0.696,0.827,0.736
PRESIDENTE EPITÁCIO,354130,1,n/d,SP,São Paulo,Sudeste,Brasil,40865,680.56,0.57,0.75,0.7,0.845,0.714
RIO GRANDE DA SERRA,354410,1,RM São Paulo,SP,São Paulo,Sudeste,Brasil,43744,563.57,0.621,0.749,0.745,0.823,0.684
SALESÓPOLIS,354500,1,RM São Paulo,SP,São Paulo,Sudeste,Brasil,15565,576.55,0.527,0.732,0.69,0.829,0.687
SANTA CRUZ DAS PALMEIRAS,354630,1,n/d,SP,São Paulo,Sudeste,Brasil,29824,829.66,0.48,0.728,0.635,0.815,0.746
SANTA FÉ DO SUL,354660,1,n/d,SP,São Paulo,Sudeste,Brasil,29081,924.06,0.579,0.784,0.751,0.84,0.763
SANTA RITA DO PASSA QUATRO,354750,1,n/d,SP,São Paulo,Sudeste,Brasil,26068,930.59,0.595,0.775,0.686,0.887,0.764
SERRA NEGRA,355160,1,n/d,SP,São Paulo,Sudeste,Brasil,26297,927.39,0.511,0.767,0.676,0.873,0.764
SEVERÍNIA,355190,1,n/d,SP,São Paulo,Sudeste,Brasil,15444,657.45,0.477,0.715,0.638,0.807,0.709
SUMARÉ,355240,1,n/d,SP,São Paulo,Sudeste,Brasil,241007,820.03,0.6,0.762,0.705,0.845,0.744
TAMBAÚ,355330,1,n/d,SP,São Paulo,Sudeste,Brasil,22289,747.11,0.485,0.731,0.624,0.858,0.729
TANABI,355340,1,n/d,SP,São Paulo,Sudeste,Brasil,23991,775.79,0.507,0.748,0.687,0.829,0.735
TAQUARITINGA,355370,1,n/d,SP,São Paulo,Sudeste,Brasil,53797,739.25,0.53,0.748,0.696,0.827,0.727
UBATUBA,355540,1,n/d,SP,São Paulo,Sudeste,Brasil,78469,803.5,0.567,0.751,0.679,0.841,0.741
VIRADOURO,355680,1,n/d,SP,São Paulo,Sudeste,Brasil,17263,692.01,0.49,0.739,0.683,0.823,0.717
VOTORANTIM,355700,1,n/d,SP,São Paulo,Sudeste,Brasil,108590,703.99,0.64,0.767,0.747,0.838,0.72
ANTONINA,410120,1,n/d,PR,Paraná,Sul,Brasil,18780,572.38,0.441,0.687,0.564,0.838,0.686
ASSAÍ,410190,1,n/d,PR,Paraná,Sul,Brasil,16334,723.56,0.52,0.728,0.641,0.833,0.724
BARRACÃO,410260,1,n/d,PR,Paraná,Sul,Brasil,9618,688.92,0.45,0.706,0.59,0.833,0.716
BELA VISTA DO PARAÍSO,410280,1,n/d,PR,Paraná,Sul,Brasil,15004,710.14,0.44,0.716,0.604,0.844,0.721
BITURUNA,410290,1,n/d,PR,Paraná,Sul,Brasil,15817,443.43,0.387,0.667,0.556,0.829,0.645
CAPANEMA,410450,1,n/d,PR,Paraná,Sul,Brasil,18423,701.11,0.417,0.706,0.611,0.801,0.719
CERRO AZUL,410520,1,RM Curitiba,PR,Paraná,Sul,Brasil,16877,342.88,0.214,0.573,0.391,0.797,0.604
CHOPINZINHO,410540,1,n/d,PR,Paraná,Sul,Brasil,19595,802.23,0.46,0.74,0.671,0.817,0.74
CRUZ MACHADO,410680,1,n/d,PR,Paraná,Sul,Brasil,17987,414.98,0.338,0.664,0.545,0.845,0.635
DOIS VIZINHOS,410720,1,n/d,PR,Paraná,Sul,Brasil,36005,836.1,0.561,0.767,0.711,0.85,0.747
FAXINAL,410760,1,n/d,PR,Paraná,Sul,Brasil,16180,612.79,0.44,0.687,0.584,0.796,0.697
FAZENDA RIO GRANDE,410765,1,RM Curitiba,PR,Paraná,Sul,Brasil,81515,677.31,0.506,0.72,0.617,0.847,0.713
GENERAL CARNEIRO,410850,1,n/d,PR,Paraná,Sul,Brasil,13658,423.27,0.374,0.652,0.532,0.816,0.638
IBIPORÃ,410980,1,n/d,PR,Paraná,Sul,Brasil,47905,706.25,0.526,0.726,0.647,0.821,0.72
IVAIPORÃ,411150,1,n/d,PR,Paraná,Sul,Brasil,31573,666.73,0.48,0.73,0.661,0.827,0.711
JAGUARIAÍVA,411200,1,n/d,PR,Paraná,Sul,Brasil,32513,616.79,0.521,0.743,0.684,0.859,0.698
MANDAGUARI,411420,1,n/d,PR,Paraná,Sul,Brasil,32515,762.54,0.523,0.751,0.689,0.84,0.732
MATELÂNDIA,411560,1,n/d,PR,Paraná,Sul,Brasil,15358,683.91,0.487,0.725,0.642,0.831,0.715
PALMEIRA,411770,1,n/d,PR,Paraná,Sul,Brasil,31992,729.05,0.473,0.718,0.618,0.826,0.725
PIÊN,411910,1,RM Curitiba,PR,Paraná,Sul,Brasil,11170,541.67,0.412,0.694,0.616,0.802,0.677
RESERVA,412170,1,n/d,PR,Paraná,Sul,Brasil,25110,457.88,0.272,0.618,0.461,0.786,0.65
SANTA IZABEL DO OESTE,412380,1,n/d,PR,Paraná,Sul,Brasil,13106,540.49,0.427,0.696,0.603,0.826,0.677
SARANDI,412625,1,n/d,PR,Paraná,Sul,Brasil,82728,554.48,0.427,0.695,0.579,0.85,0.681
SERTANÓPOLIS,412650,1,n/d,PR,Paraná,Sul,Brasil,15571,701.27,0.462,0.723,0.655,0.804,0.719
SIQUEIRA CAMPOS,412660,1,n/d,PR,Paraná,Sul,Brasil,18391,655.16,0.42,0.704,0.588,0.839,0.708
TERRA BOA,412720,1,n/d,PR,Paraná,Sul,Brasil,15662,653.34,0.46,0.728,0.68,0.803,0.708
ANITA GARIBALDI,420100,1,n/d,SC,Santa Catarina,Sul,Brasil,8599,506.94,0.4,0.688,0.592,0.826,0.667
ARAQUARI,420130,1,n/d,SC,Santa Catarina,Sul,Brasil,24751,609.76,0.529,0.703,0.602,0.83,0.696
ARMAZÉM,420150,1,n/d,SC,Santa Catarina,Sul,Brasil,7735,814.95,0.498,0.77,0.698,0.882,0.743
ASCURRA,420170,1,n/d,SC,Santa Catarina,Sul,Brasil,7384,793.09,0.449,0.742,0.636,0.868,0.739
BALNEÁRIO ARROIO DO SILVA,420195,1,n/d,SC,Santa Catarina,Sul,Brasil,9553,866.42,0.524,0.746,0.642,0.858,0.753
BALNEÁRIO GAIVOTA,420207,1,n/d,SC,Santa Catarina,Sul,Brasil,8177,768.73,0.451,0.728,0.622,0.844,0.734
BARRA VELHA,420210,1,n/d,SC,Santa Catarina,Sul,Brasil,22307,773.05,0.522,0.738,0.639,0.857,0.735
CAMBORIÚ,420320,1,n/d,SC,Santa Catarina,Sul,Brasil,62149,781.76,0.509,0.726,0.6,0.866,0.736
CORONEL FREITAS,420440,1,n/d,SC,Santa Catarina,Sul,Brasil,10192,759.01,0.439,0.744,0.653,0.86,0.732
CORUPÁ,420450,1,n/d,SC,Santa Catarina,Sul,Brasil,13808,951.63,0.557,0.78,0.707,0.873,0.768
CORREIA PINTO,420455,1,n/d,SC,Santa Catarina,Sul,Brasil,14557,628.18,0.471,0.702,0.614,0.804,0.701
FRAIBURGO,420550,1,n/d,SC,Santa Catarina,Sul,Brasil,34481,673.84,0.486,0.731,0.637,0.86,0.712
GAROPABA,420570,1,n/d,SC,Santa Catarina,Sul,Brasil,18025,784.88,0.55,0.753,0.668,0.868,0.737
GOVERNADOR CELSO RAMOS,420600,1,n/d,SC,Santa Catarina,Sul,Brasil,12973,784.5,0.491,0.747,0.651,0.87,0.737
IBIRAMA,420690,1,n/d,SC,Santa Catarina,Sul,Brasil,17276,844.25,0.471,0.737,0.63,0.848,0.749
ITÁ,420800,1,n/d,SC,Santa Catarina,Sul,Brasil,6396,836.69,0.531,0.771,0.698,0.879,0.747
LAURO MULLER,420960,1,n/d,SC,Santa Catarina,Sul,Brasil,14319,678.67,0.532,0.735,0.677,0.822,0.714
MORRO DA FUMAÇA,421120,1,n/d,SC,Santa Catarina,Sul,Brasil,16097,759.25,0.483,0.738,0.665,0.825,0.732
NOVA TRENTO,421150,1,n/d,SC,Santa Catarina,Sul,Brasil,12148,847.77,0.464,0.748,0.628,0.891,0.749
NOVA VENEZA,421160,1,n/d,SC,Santa Catarina,Sul,Brasil,13188,805.79,0.513,0.768,0.703,0.869,0.741
PASSO DE TORRES,421225,1,n/d,SC,Santa Catarina,Sul,Brasil,6579,602.85,0.542,0.72,0.618,0.869,0.695
PENHA,421250,1,n/d,SC,Santa Catarina,Sul,Brasil,25014,793.53,0.488,0.743,0.64,0.867,0.739
POUSO REDONDO,421370,1,n/d,SC,Santa Catarina,Sul,Brasil,14726,742.15,0.439,0.72,0.598,0.857,0.728
SANTA CECÍLIA,421550,1,n/d,SC,Santa Catarina,Sul,Brasil,15716,610.94,0.442,0.698,0.597,0.819,0.697
SÃO DOMINGOS,421610,1,n/d,SC,Santa Catarina,Sul,Brasil,9418,956.19,0.46,0.765,0.675,0.861,0.769
SÃO JOÃO DO ITAPERIÚ,421635,1,n/d,SC,Santa Catarina,Sul,Brasil,3409,680.25,0.441,0.738,0.645,0.873,0.714
SÃO JOÃO DO SUL,421640,1,n/d,SC,Santa Catarina,Sul,Brasil,6979,558.4,0.376,0.695,0.587,0.84,0.682
SAUDADES,421730,1,n/d,SC,Santa Catarina,Sul,Brasil,8988,719.94,0.479,0.755,0.7,0.85,0.723
SCHROEDER,421740,1,n/d,SC,Santa Catarina,Sul,Brasil,15252,852.5,0.625,0.769,0.71,0.855,0.75
TURVO,421880,1,n/d,SC,Santa Catarina,Sul,Brasil,11773,810.85,0.47,0.74,0.631,0.867,0.742
BARRA DO RIBEIRO,430190,1,n/d,RS,Rio Grande do Sul,Sul,Brasil,12474,589.16,0.465,0.67,0.529,0.822,0.691
BARRA FUNDA,430195,1,n/d,RS,Rio Grande do Sul,Sul,Brasil,2355,757.01,0.479,0.763,0.71,0.856,0.731
BOM PRINCÍPIO,430235,1,n/d,RS,Rio Grande do Sul,Sul,Brasil,11727,855.42,0.524,0.746,0.661,0.836,0.751
BUTIÁ,430270,1,n/d,RS,Rio Grande do Sul,Sul,Brasil,20381,590.45,0.433,0.689,0.558,0.848,0.691
CAPELA DE SANTANA,430468,1,RM Porto Alegre,RS,Rio Grande do Sul,Sul,Brasil,11612,533.88,0.37,0.661,0.525,0.816,0.675
CASCA,430490,1,n/d,RS,Rio Grande do Sul,Sul,Brasil,8631,1011.38,0.533,0.785,0.733,0.847,0.778
CERRO GRANDE DO SUL,430517,1,n/d,RS,Rio Grande do Sul,Sul,Brasil,10191,527.88,0.347,0.66,0.499,0.855,0.673
CERRO LARGO,430520,1,n/d,RS,Rio Grande do Sul,Sul,Brasil,13051,862.05,0.511,0.764,0.698,0.849,0.752
CHAPADA,430530,1,n/d,RS,Rio Grande do Sul,Sul,Brasil,9346,860.15,0.453,0.757,0.679,0.849,0.752
CIDREIRA,430545,1,n/d,RS,Rio Grande do Sul,Sul,Brasil,12624,750.55,0.561,0.729,0.625,0.848,0.73
COLORADO,430560,1,n/d,RS,Rio Grande do Sul,Sul,Brasil,3547,996.93,0.448,0.758,0.674,0.835,0.775
CONSTANTINA,430580,1,n/d,RS,Rio Grande do Sul,Sul,Brasil,9741,732.39,0.44,0.754,0.668,0.885,0.726
ESPUMOSO,430750,1,n/d,RS,Rio Grande do Sul,Sul,Brasil,15064,834.66,0.527,0.765,0.677,0.884,0.747
FAXINAL DO SOTURNO,430800,1,n/d,RS,Rio Grande do Sul,Sul,Brasil,6651,760.86,0.469,0.72,0.597,0.854,0.732
GIRUÁ,430900,1,n/d,RS,Rio Grande do Sul,Sul,Brasil,16857,653.18,0.454,0.721,0.629,0.842,0.707
GLORINHA,430905,1,RM Porto Alegre,RS,Rio Grande do Sul,Sul,Brasil,6843,686.99,0.453,0.714,0.593,0.859,0.716
GRAMADO XAVIER,430915,1,n/d,RS,Rio Grande do Sul,Sul,Brasil,3957,552.44,0.254,0.634,0.473,0.792,0.681
GUARANI DAS MISSÕES,430950,1,n/d,RS,Rio Grande do Sul,Sul,Brasil,8060,615.87,0.444,0.737,0.665,0.863,0.698
IMBÉ,431033,1,n/d,RS,Rio Grande do Sul,Sul,Brasil,17614,1359.66,0.579,0.764,0.638,0.847,0.825
ITAQUI,431060,1,n/d,RS,Rio Grande do Sul,Sul,Brasil,37961,576.71,0.512,0.713,0.626,0.843,0.687
JAGUARI,431110,1,n/d,RS,Rio Grande do Sul,Sul,Brasil,11303,772.25,0.429,0.712,0.567,0.866,0.734
JARI,431113,1,n/d,RS,Rio Grande do Sul,Sul,Brasil,3533,418.18,0.27,0.631,0.473,0.836,0.636
LAGOA VERMELHA,431130,1,n/d,RS,Rio Grande do Sul,Sul,Brasil,27294,771.47,0.495,0.738,0.62,0.885,0.734
MOSTARDAS,431250,1,n/d,RS,Rio Grande do Sul,Sul,Brasil,12078,627.16,0.346,0.664,0.493,0.849,0.701
NOVA BOA VISTA,431295,1,n/d,RS,Rio Grande do Sul,Sul,Brasil,1960,928.49,0.43,0.768,0.708,0.836,0.764
NOVA BRÉSCIA,431300,1,n/d,RS,Rio Grande do Sul,Sul,Brasil,3179,1452.06,0.419,0.778,0.666,0.847,0.836
NOVA SANTA RITA,431337,1,RM Porto Alegre,RS,Rio Grande do Sul,Sul,Brasil,22705,686.87,0.521,0.718,0.606,0.853,0.716
PANTANO GRANDE,431395,1,n/d,RS,Rio Grande do Sul,Sul,Brasil,9862,536.01,0.387,0.661,0.524,0.816,0.676
PARAÍ,431400,1,n/d,RS,Rio Grande do Sul,Sul,Brasil,6779,1071.25,0.493,0.773,0.679,0.866,0.787
PAROBÉ,431405,1,RM Porto Alegre,RS,Rio Grande do Sul,Sul,Brasil,51312,625.4,0.434,0.704,0.562,0.886,0.7
PORTÃO,431480,1,RM Porto Alegre,RS,Rio Grande do Sul,Sul,Brasil,30726,729.01,0.474,0.713,0.584,0.856,0.725
ROCA SALES,431580,1,n/d,RS,Rio Grande do Sul,Sul,Brasil,10252,865.23,0.426,0.729,0.602,0.853,0.753
RODEIO BONITO,431590,1,n/d,RS,Rio Grande do Sul,Sul,Brasil,5718,767.63,0.427,0.732,0.636,0.842,0.733
ROLANTE,431600,1,RM Porto Alegre,RS,Rio Grande do Sul,Sul,Brasil,19372,656.75,0.363,0.688,0.553,0.83,0.708
SALDANHA MARINHO,431643,1,n/d,RS,Rio Grande do Sul,Sul,Brasil,2858,823.55,0.496,0.762,0.706,0.841,0.745
SALTO DO JACUÍ,431645,1,n/d,RS,Rio Grande do Sul,Sul,Brasil,11794,596.84,0.443,0.687,0.558,0.837,0.693
SANANDUVA,431660,1,n/d,RS,Rio Grande do Sul,Sul,Brasil,15326,931.29,0.461,0.747,0.647,0.843,0.764
SANTO ANTÔNIO DA PATRULHA,431760,1,RM Porto Alegre,RS,Rio Grande do Sul,Sul,Brasil,39520,696.41,0.443,0.717,0.594,0.866,0.718
SÃO FRANCISCO DE ASSIS,431810,1,n/d,RS,Rio Grande do Sul,Sul,Brasil,19143,553.81,0.371,0.675,0.552,0.818,0.681
SÃO JOSÉ DO NORTE,431850,1,n/d,RS,Rio Grande do Sul,Sul,Brasil,25390,493.78,0.301,0.623,0.461,0.792,0.663
SÃO LOURENÇO DO SUL,431880,1,n/d,RS,Rio Grande do Sul,Sul,Brasil,42817,713.88,0.364,0.687,0.528,0.849,0.722
SÃO MARCOS,431900,1,n/d,RS,Rio Grande do Sul,Sul,Brasil,20054,991.51,0.545,0.768,0.683,0.855,0.775
SINIMBU,432067,1,n/d,RS,Rio Grande do Sul,Sul,Brasil,10009,610.76,0.231,0.631,0.456,0.792,0.697
SOBRADINHO,432070,1,n/d,RS,Rio Grande do Sul,Sul,Brasil,14125,775.79,0.52,0.743,0.647,0.861,0.735
TAPERA,432100,1,n/d,RS,Rio Grande do Sul,Sul,Brasil,10382,812.48,0.521,0.747,0.672,0.835,0.743
TAPES,432110,1,n/d,RS,Rio Grande do Sul,Sul,Brasil,16546,620.13,0.425,0.695,0.556,0.862,0.699
TERRA DE AREIA,432143,1,n/d,RS,Rio Grande do Sul,Sul,Brasil,9874,620.36,0.4,0.689,0.565,0.829,0.699
TRÊS COROAS,432170,1,n/d,RS,Rio Grande do Sul,Sul,Brasil,23651,799.41,0.434,0.71,0.584,0.829,0.74
ARAL MOREIRA,500124,1,n/d,MS,Mato Grosso do Sul,Centro-Oeste,Brasil,10182,398.5,0.353,0.633,0.507,0.798,0.628
BELA VISTA,500210,1,n/d,MS,Mato Grosso do Sul,Centro-Oeste,Brasil,22890,621.23,0.49,0.698,0.585,0.83,0.699
FÁTIMA DO SUL,500380,1,n/d,MS,Mato Grosso do Sul,Centro-Oeste,Brasil,18973,701.87,0.452,0.714,0.621,0.815,0.719
ITAQUIRAÍ,500460,1,n/d,MS,Mato Grosso do Sul,Centro-Oeste,Brasil,15034,442.57,0.301,0.62,0.479,0.772,0.645
JARDIM,500500,1,n/d,MS,Mato Grosso do Sul,Centro-Oeste,Brasil,24162,697.92,0.459,0.712,0.595,0.845,0.718
MARACAJU,500540,1,n/d,MS,Mato Grosso do Sul,Centro-Oeste,Brasil,37045,819.6,0.517,0.736,0.613,0.873,0.744
NOVA ALVORADA DO SUL,500600,1,n/d,MS,Mato Grosso do Sul,Centro-Oeste,Brasil,16010,830.08,0.459,0.694,0.554,0.809,0.746
SIDROLÂNDIA,500790,1,n/d,MS,Mato Grosso do Sul,Centro-Oeste,Brasil,41906,599.76,0.408,0.686,0.561,0.829,0.694
ÁGUA BOA,510020,1,n/d,MT,Mato Grosso,Centro-Oeste,Brasil,20400,720.74,0.514,0.729,0.646,0.829,0.723
BRASNORTE,510190,1,n/d,MT,Mato Grosso,Centro-Oeste,Brasil,15054,602.75,0.441,0.696,0.571,0.85,0.695
CAMPO NOVO DO PARECIS,510263,1,n/d,MT,Mato Grosso,Centro-Oeste,Brasil,27246,823.32,0.543,0.734,0.649,0.819,0.745
CAMPO VERDE,510267,1,n/d,MT,Mato Grosso,Centro-Oeste,Brasil,30553,878.37,0.562,0.75,0.67,0.834,0.755
CANARANA,510270,1,n/d,MT,Mato Grosso,Centro-Oeste,Brasil,18566,774.65,0.454,0.693,0.549,0.825,0.735
COMODORO,510330,1,n/d,MT,Mato Grosso,Centro-Oeste,Brasil,17996,573.89,0.429,0.689,0.567,0.84,0.687
DIAMANTINO,510350,1,n/d,MT,Mato Grosso,Centro-Oeste,Brasil,20172,681.66,0.507,0.718,0.625,0.831,0.714
JUÍNA,510515,1,n/d,MT,Mato Grosso,Centro-Oeste,Brasil,38963,763.35,0.45,0.716,0.593,0.845,0.733
NOVA MUTUM,510622,1,n/d,MT,Mato Grosso,Centro-Oeste,Brasil,31112,982.9,0.584,0.758,0.673,0.837,0.773
PEIXOTO DE AZEVEDO,510642,1,n/d,MT,Mato Grosso,Centro-Oeste,Brasil,30572,589.21,0.38,0.649,0.521,0.761,0.691
POCONÉ,510650,1,n/d,MT,Mato Grosso,Centro-Oeste,Brasil,31559,436.83,0.405,0.652,0.534,0.806,0.643
PONTES E LACERDA,510675,1,n/d,MT,Mato Grosso,Centro-Oeste,Brasil,41113,665.92,0.482,0.703,0.605,0.807,0.711
POXORÉO,510700,1,n/d,MT,Mato Grosso,Centro-Oeste,Brasil,17433,463.98,0.409,0.678,0.573,0.832,0.653
PRIMAVERA DO LESTE,510704,1,n/d,MT,Mato Grosso,Centro-Oeste,Brasil,51609,990.05,0.577,0.752,0.653,0.843,0.774
SÃO JOSÉ DOS QUATRO MARCOS,510710,1,n/d,MT,Mato Grosso,Centro-Oeste,Brasil,18953,653.02,0.454,0.719,0.643,0.816,0.707
SÃO JOSÉ DO RIO CLARO,510730,1,n/d,MT,Mato Grosso,Centro-Oeste,Brasil,16554,580.99,0.39,0.682,0.548,0.841,0.689
ROSÁRIO OESTE,510770,1,n/d,MT,Mato Grosso,Centro-Oeste,Brasil,17564,465.66,0.379,0.65,0.52,0.807,0.653
SAPEZAL,510787,1,n/d,MT,Mato Grosso,Centro-Oeste,Brasil,17672,892.71,0.55,0.732,0.62,0.836,0.758
ALEXÂNIA,520030,1,RIDE DF,GO,Goiás,Centro-Oeste,Brasil,23686,498.09,0.449,0.682,0.568,0.841,0.664
ARAGARÇAS,520170,1,n/d,GO,Goiás,Centro-Oeste,Brasil,17842,600.03,0.56,0.732,0.68,0.83,0.694
BELA VISTA DE GOIÁS,520330,1,n/d,GO,Goiás,Centro-Oeste,Brasil,24307,708.62,0.465,0.716,0.607,0.837,0.721
CABECEIRAS,520400,1,RIDE DF,GO,Goiás,Centro-Oeste,Brasil,7334,420.47,0.414,0.668,0.571,0.819,0.637
CAIAPÔNIA,520440,1,n/d,GO,Goiás,Centro-Oeste,Brasil,16430,628.14,0.409,0.693,0.588,0.808,0.701
COCALZINHO DE GOIÁS,520551,1,RIDE DF,GO,Goiás,Centro-Oeste,Brasil,17140,450.47,0.411,0.657,0.531,0.826,0.648
CRISTALINA,520620,1,RIDE DF,GO,Goiás,Centro-Oeste,Brasil,45730,686.9,0.474,0.699,0.587,0.814,0.716
CRIXÁS,520640,1,n/d,GO,Goiás,Centro-Oeste,Brasil,15596,645.4,0.495,0.708,0.625,0.805,0.706
FORMOSO,520810,1,n/d,GO,Goiás,Centro-Oeste,Brasil,4848,569.96,0.478,0.715,0.639,0.834,0.686
INHUMAS,521000,1,n/d,GO,Goiás,Centro-Oeste,Brasil,47701,697.81,0.448,0.72,0.618,0.842,0.718
IPORÁ,521020,1,n/d,GO,Goiás,Centro-Oeste,Brasil,30965,757.39,0.497,0.743,0.667,0.84,0.731
JARAGUÁ,521180,1,n/d,GO,Goiás,Centro-Oeste,Brasil,41740,595.02,0.426,0.699,0.588,0.841,0.692
MINEIROS,521310,1,n/d,GO,Goiás,Centro-Oeste,Brasil,52588,869.04,0.474,0.718,0.584,0.84,0.753
MORRINHOS,521380,1,n/d,GO,Goiás,Centro-Oeste,Brasil,41208,792.66,0.478,0.734,0.621,0.862,0.739
NIQUELÂNDIA,521460,1,n/d,GO,Goiás,Centro-Oeste,Brasil,41581,659.49,0.518,0.715,0.64,0.806,0.709
NOVA GLÓRIA,521486,1,n/d,GO,Goiás,Centro-Oeste,Brasil,8467,476.52,0.374,0.681,0.589,0.816,0.657
PALMEIRAS DE GOIÁS,521570,1,n/d,GO,Goiás,Centro-Oeste,Brasil,23225,616.59,0.467,0.698,0.598,0.815,0.698
PIRACANJUBA,521710,1,n/d,GO,Goiás,Centro-Oeste,Brasil,23913,707.83,0.434,0.721,0.599,0.87,0.72
PLANALTINA,521760,1,RIDE DF,GO,Goiás,Centro-Oeste,Brasil,81297,466.69,0.476,0.669,0.566,0.81,0.653
PORANGATU,521800,1,n/d,GO,Goiás,Centro-Oeste,Brasil,42193,658.39,0.507,0.727,0.642,0.845,0.709
RIALMA,521860,1,n/d,GO,Goiás,Centro-Oeste,Brasil,10446,616.74,0.514,0.727,0.667,0.827,0.698
RUBIATABA,521890,1,n/d,GO,Goiás,Centro-Oeste,Brasil,18768,573.0,0.466,0.719,0.666,0.814,0.686
SÃO LUÍS DE MONTES BELOS,522010,1,n/d,GO,Goiás,Centro-Oeste,Brasil,29833,712.23,0.519,0.731,0.67,0.809,0.721
SILVÂNIA,522060,1,n/d,GO,Goiás,Centro-Oeste,Brasil,18943,708.82,0.429,0.709,0.606,0.814,0.721
TRINDADE,522140,1,n/d,GO,Goiás,Centro-Oeste,Brasil,103609,558.61,0.507,0.699,0.608,0.822,0.682
